time	Total Usage	Microwave	Washing Machine
1381370429	3646.9	1.8	24.2
1381370430	3654.4	1.8	26.3
1381370431	3645.8	1.8	27.5
1381370432	3643.1	1.8	27.1
1381370433	3630.5	1.8	18.2
1381370434	3616	1.8	9.3
1381370435	3624.4	1.8	27.8
1381370436	3726.6	1.9	126.1
1381370437	3689.9	1.8	90.2
1381370438	3693.1	1.8	98.1
1381370439	3696.4	1.8	98.4
1381370440	3686.4	1.8	87.9
1381370441	3680.8	1.8	80.5
1381370442	3679.9	1.9	71.7
1381370443	3678.7	1.8	69.2
1381370444	3697.8	1.7	81.2
1381370445	3683.3	1.9	81.1
1381370446	3668.7	1.8	58.3
1381370447	3665.4	1.8	61.9
1381370448	3668.4	1.8	62.4
1381370449	3672.8	1.8	62.3
1381370450	3685	1.8	63.7
1381370451	3651.2	1.8	47.2
1381370452	3650.6	1.8	45.7
1381370453	3648.4	1.8	45.8
1381370454	3677	1.8	66
1381370455	3722.8	1.8	114
1381370456	3714.8	1.8	95
1381370457	3757.3	1.9	99
1381370458	3731.4	1.8	80.2
1381370459	3724.2	2	80.6
1381370460	3722.5	2	79.3
1381370461	3733.5	1.9	88.3
1381370462	3673.1	1.8	31.2
1381370463	3652.1	1.9	9.3
1381370464	3644.8	1.8	9.3
1381370465	3674.7	1.9	28.4
1381370466	3710.9	1.8	73.1
1381370467	3706.8	1.9	48.1
1381370468	3713.5	1.8	53
1381370469	3707.3	1.8	62
1381370470	3683.9	1.8	35.9
1381370471	3687.2	1.8	32.1
1381370472	3678.2	1.9	34.7
1381370473	3690.6	1.8	36.6
1381370474	3726.4	1.8	55.3
1381370475	3669.7	1.7	20.7
1381370476	3687	1.8	23.8
1381370477	3692.8	1.9	25.6
1381370478	3679.1	1.9	26.2
1381370479	3678	1.8	25.9
1381370480	3740.7	1.8	72.6
1381370481	3732.3	1.8	80.6
1381370482	3733.2	1.9	84.2
1381370483	3747.8	1.8	86.8
1381370484	3798.9	1.8	90.6
1381370485	3868.5	1.9	97.1
1381370486	3860.4	1.8	111.6
1381370487	3790.3	1.9	90.4
1381370488	3775.5	1.7	74.7
1381370489	3760.9	1.8	69.9
1381370490	3765.3	1.9	71.6
1381370491	3755.7	1.8	82
1381370492	3771	1.8	84.8
1381370493	3743.7	1.8	82.4
1381370494	3755.8	1.8	81.5
1381370495	3744.5	1.9	76.3
1381370496	3743.2	1.8	75.7
1381370497	3746.4	2	76
1381370498	3738.3	1.8	75.9
1381370499	3738	1.9	77.2
1381370500	3744.7	1.8	77.4
1381370501	3741.5	1.9	77
1381370502	3742.9	2	76.6
1381370503	3739.7	1.9	75.9
1381370504	3761.3	1.9	76.4
1381370505	3770.3	1.9	76.6
1381370506	3772.7	1.9	76.6
1381370507	3764.6	1.9	75.9
1381370508	3777.6	1.9	75.4
1381370509	3765.7	1.9	74.9
1381370510	3735.8	1.9	55.1
1381370511	3741	2	53.7
1381370512	3751.8	1.8	57.5
1381370513	3758.7	1.9	60.4
1381370514	3746.7	1.9	62.1
1381370515	3750.4	1.9	62.8
1381370516	3755.1	1.9	62.5
1381370517	3749.8	1.9	62.1
1381370518	5740	0.9	61.3
1381370519	11764.6	2.4	59.2
1381370520	3756.6	1.8	62.3
1381370521	3750.1	1.9	62.4
1381370522	3764.5	2	62.8
1381370523	3747	1.9	62
1381370524	3761.5	1.9	61.9
1381370525	3756.9	1.9	62.6
1381370526	3754.9	2	62.3
1381370527	3754.8	2	61.9
1381370528	3754.6	1.9	62.2
1381370529	3760.9	2	77.8
1381370530	3872.7	1.7	183.4
1381370531	3939.3	1.7	272.2
1381370532	4028.8	1.6	362.4
1381370533	4043.2	1.7	377.6
1381370534	4011	1.7	340.1
1381370535	3983.9	1.7	305.5
1381370536	3934.9	1.8	263.7
1381370537	3901.4	1.7	229.5
1381370538	3860.2	1.8	201.6
1381370539	3847.7	1.8	185.2
1381370540	3837.5	1.8	162.9
1381370541	3818.5	1.8	152.5
1381370542	3823.2	1.8	146.9
1381370543	3814.6	1.8	140.5
1381370544	3821.4	1.8	135.7
1381370545	3814.9	1.8	130.1
1381370546	3796.7	1.8	123.5
1381370547	3790.3	1.9	124.3
1381370548	3780.2	1.9	117.4
1381370549	3772.9	1.9	115.6
1381370550	3781	1.9	107.6
1381370551	3781.1	1.9	106.2
1381370552	3771.4	1.9	100.6
1381370553	3777.1	1.8	96.9
1381370554	3756.4	1.8	69.1
1381370555	3731.8	1.9	47.3
1381370556	3719.2	1.9	47.2
1381370557	3720.1	1.9	47.1
1381370558	3710.7	1.9	47
1381370559	3712.4	1.9	43.3
1381370560	3690.9	1.8	20.9
1381370561	3688.9	1.9	24.4
1381370562	3719.4	1.8	53.8
1381370563	3728.9	1.8	66.4
1381370564	3730.8	1.8	64.3
1381370565	3724	1.9	64.1
1381370566	3732.8	1.9	64.5
1381370567	3729.9	1.7	64.3
1381370568	3729.9	1.9	64.9
1381370569	3743.6	1.9	64.4
1381370570	3730.8	2	64.3
1381370571	3728.5	1.8	64.8
1381370572	3730.1	1.9	65.1
1381370573	3731.9	1.9	65.2
1381370574	3743	2	72.6
1381370575	3852.6	1.7	180.7
1381370576	3935.9	1.7	265.8
1381370577	3912.4	1.8	253.7
1381370578	3881.3	1.8	211.3
1381370579	3899.8	1.9	236.7
1381370580	3876.8	1.8	209.6
1381370581	3860.5	1.8	189.8
1381370582	3844.4	1.7	173
1381370583	3818.6	1.8	160.3
1381370584	3814.4	1.7	150.2
1381370585	3804.3	1.9	141.1
1381370586	3815.8	1.8	139.9
1381370587	3804.5	1.8	133.2
1381370588	3796.6	1.8	127.4
1381370589	3792.4	1.8	124.2
1381370590	3793.3	1.9	124.2
1381370591	3792.6	1.9	120.6
1381370592	3792.1	1.8	119.1
1381370593	3784.9	1.8	120.9
1381370594	3792.3	1.8	121.5
1381370595	3791.4	1.8	119.1
1381370596	3802.8	1.8	121.6
1381370597	3796.7	1.8	122.2
1381370598	3784	1.9	120.4
1381370599	3783.9	1.9	123.2
1381370600	3796.7	1.8	134.1
1381370601	3810.4	1.8	140.5
1381370602	3812	1.8	152.8
1381370603	3821.2	1.9	160.9
1381370604	3821.3	1.8	169
1381370605	3819.1	1.8	174.1
1381370606	3852.6	1.8	179.7
1381370607	3902.6	1.9	188.8
1381370608	3909.7	1.9	187
1381370609	3910.8	1.8	188.5
1381370610	3908.3	1.8	187.7
1381370611	3908.5	1.8	196.2
1381370612	3870.7	1.8	197.4
1381370613	3867.6	1.7	208.7
1381370614	3855.8	1.9	206.1
1381370615	3865.6	1.9	212.3
1381370616	3869.7	1.8	217.4
1381370617	3871.4	1.8	212.9
1381370618	3868.2	1.9	212
1381370619	3867.1	1.8	212.8
1381370620	3872.4	1.7	222.2
1381370621	3871.6	1.7	221.1
1381370622	3868.5	1.9	214.4
1381370623	3858.8	1.7	212.4
1381370624	3860.8	1.8	207
1381370625	3856.6	1.8	204.6
1381370626	3859.4	1.9	207.5
1381370627	3853.8	1.9	203.8
1381370628	3856.1	1.8	204.2
1381370629	3846.6	1.8	197.5
1381370630	3845	1.9	194.2
1381370631	3839.2	1.9	193.1
1381370632	3841.7	1.9	190.3
1381370633	3844.6	1.7	192.3
1381370634	3842.8	1.9	191.8
1381370635	3846.2	1.8	186.8
1381370636	3836.1	1.8	184.2
1381370637	3825.8	1.9	178.2
1381370638	3839.4	1.7	181.1
1381370639	3834.7	1.8	183.4
1381370640	3830.1	1.9	178.3
1381370641	3827.9	1.8	177.3
1381370642	3834.5	1.8	179
1381370643	13827.3	3.5	174.7
1381370644	3831.7	1.8	175.7
1381370645	3829.8	1.8	174.3
1381370646	3829.9	1.9	174
1381370647	3830.7	1.8	174.3
1381370648	3833.1	1.8	176.3
1381370649	3824.6	1.8	175.8
1381370650	3824.2	1.9	172.8
1381370651	3832	1.8	178.3
1381370652	3834.1	1.8	177.3
1381370653	3822.6	1.9	172.3
1381370654	3825	1.9	174.3
1381370655	3825	1.8	173.1
1381370656	3834.4	1.8	173.8
1381370657	3833.7	1.9	170.9
1381370658	3836.2	1.8	175.4
1381370659	3844.6	1.9	175.7
1381370660	3840.8	1.9	181.9
1381370661	3853.4	1.9	192.1
1381370662	3856	1.8	199.4
1381370663	3867.6	1.8	206.1
1381370664	3908	1.8	213
1381370665	4016.4	1.8	222.5
1381370666	4076.2	2	230.4
1381370667	4128.3	1.9	229
1381370668	4205.7	2.1	240.7
1381370669	4269.9	2	242.3
1381370670	4313	2.1	248.2
1381370671	4340.7	2	252.4
1381370672	4359.6	2.1	258.2
1381370673	4350.4	2.1	261.3
1381370674	4356.3	2	264.3
1381370675	4349.6	2	271.6
1381370676	4351.5	2	274.1
1381370677	4353.8	2	280.1
1381370678	4346.5	2	279
1381370679	4079.1	1.8	284.4
1381370680	3955.5	1.7	286.6
1381370681	3941.7	1.7	287.2
1381370682	3936.4	1.7	294.3
1381370683	3949.9	1.7	296.4
1381370684	3960.5	1.7	307.9
1381370685	3960.9	1.8	309.5
1381370686	3965.7	1.8	311.7
1381370687	3973.2	1.8	314.2
1381370688	3973.8	1.7	319.4
1381370689	3705.4	1.8	50.5
1381370690	3668.9	1.7	9.4
1381370691	3654.5	1.8	9.4
1381370692	3652.3	1.9	9.4
1381370693	3656.3	1.9	9.4
1381370694	3653	1.9	9.2
1381370695	3655.2	1.8	9.2
1381370696	3658.7	1.8	9.4
1381370697	3657.9	1.8	9.4
1381370698	3661.7	1.9	9.4
1381370699	3655.1	1.9	9.3
1381370700	3661.9	1.9	9.2
1381370701	3673.2	1.9	9.3
1381370702	3680.1	1.8	9.5
1381370703	3676	1.8	9.4
1381370704	3662.4	1.8	9.3
1381370705	3659.3	1.8	9.3
1381370706	3659.2	1.8	9.4
1381370707	3659.8	1.9	9.3
1381370708	3659.1	1.8	9.2
1381370709	5066.6	0.2	12
1381370710	4499	0.7	13.3
1381370711	4499.7	0.6	13.5
1381370712	4498.7	0.5	13.4
1381370713	4498.6	0.8	13.3
1381370714	4494.9	0.6	13.4
1381370715	4495.7	0.6	13.5
1381370716	4495.7	0.6	13.3
1381370717	4496.6	0.6	13.4
1381370718	4495.7	0.6	13.5
1381370719	4496.2	0.6	13.4
1381370720	4491.8	0.5	13.4
1381370721	4494.5	0.7	13.3
1381370722	4504.5	0.6	13.4
1381370723	4492.5	0.5	13.4
1381370724	4498.9	0.6	13.4
1381370725	4492	0.5	13.5
1381370726	4495.8	0.5	13.5
1381370727	4497.5	0.6	14.6
1381370728	4541.5	0.6	63.4
1381370729	4516	0.5	34
1381370730	4508.4	0.6	27.1
1381370731	4493	0.5	13.4
1381370732	4496.9	0.6	13.4
1381370733	4492.5	0.6	13.3
1381370734	4491.7	0.5	13.4
1381370735	4492.9	0.6	13.5
1381370736	4493.2	0.6	13.4
1381370737	4498.9	0.6	13.4
1381370738	4518.5	0.7	24.5
1381370739	4562	0.5	70.7
1381370740	4528.2	0.6	35.5
1381370741	4516.6	0.5	25
1381370742	4506.4	0.5	13.3
1381370743	4503.5	0.5	13.4
1381370744	4498.2	0.5	13.4
1381370745	4492.5	0.5	13.3
1381370746	4499.8	0.6	13.4
1381370747	4492.8	0.6	13.4
1381370748	4501.5	0.5	13.3
1381370749	4524.5	0.5	49.6
1381370750	4530.2	0.5	55
1381370751	4522.4	0.6	46.3
1381370752	4502.1	0.5	20.7
1381370753	4483.1	0.5	13.4
1381370754	4493.5	0.5	13.3
1381370755	4485.4	0.6	13.4
1381370756	4496.4	0.5	13.4
1381370757	4496.2	0.5	13.4
1381370758	4488.5	0.6	13.2
1381370759	4492.6	0.5	13.4
1381370760	4567.5	0.5	87.2
1381370761	4540.4	0.5	64.2
1381370762	4539.1	0.6	57
1381370763	4503.6	0.5	16.3
1381370764	4502.1	0.5	13.4
1381370765	4487.7	0.6	13.4
1381370766	4490.8	0.4	13.3
1381370767	4490	0.6	13.4
1381370768	4491.1	0.5	13.1
1381370769	4492.4	0.5	13.3
1381370770	9804.8	2.2	11.1
1381370771	8993.1	1.8	114.3
1381370772	4537.4	0.6	53.4
1381370773	4543	0.5	62.4
1381370774	4498.1	0.6	13.7
1381370775	4506.3	0.4	13.4
1381370776	4501.9	0.6	13.4
1381370777	4503.3	0.6	13.4
1381370778	4501.9	0.5	13.4
1381370779	4497.4	0.4	13.4
1381370780	4497.3	0.5	13.4
1381370781	4497.6	0.6	13.9
1381370782	4660	0.4	173.8
1381370783	4548.2	0.5	61.7
1381370784	4553.4	0.5	62.3
1381370785	4508	0.5	13.3
1381370786	4500.1	0.5	13.4
1381370787	4493.1	0.5	13.5
1381370788	4489.9	0.5	13.3
1381370789	4497.1	0.6	13.4
1381370790	4490.4	0.5	13.3
1381370791	4493.6	0.6	13.3
1381370792	4502	0.5	20.6
1381370793	4662.4	0.5	184.9
1381370794	4589.8	0.6	108.8
1381370795	4542.8	0.5	65
1381370796	4491.1	0.5	13.4
1381370797	4501.2	0.6	13.4
1381370798	4498.4	0.5	13.4
1381370799	4492.3	0.7	13.4
1381370800	4493.2	0.4	13.4
1381370801	4495.6	0.6	13.5
1381370802	4494.8	0.6	13.3
1381370803	4526.3	0.6	44.3
1381370804	4705.9	0.4	225.2
1381370805	4614.5	0.5	125.9
1381370806	4544.3	0.5	60.8
1381370807	4441.8	0.7	9
1381370808	4408	0.7	29.4
1381370809	4411.3	0.8	28
1381370810	4406.6	0.8	29
1381370811	4411.6	0.8	29.5
1381370812	4411.4	0.8	29.3
1381370813	4416.9	0.8	29.8
1381370814	4410.1	0.8	29.7
1381370815	4305.4	0.9	31.4
1381370816	3889.6	1.8	251.3
1381370817	3795.9	1.8	152.9
1381370818	3811.9	1.7	171.8
1381370819	3826.4	1.8	193.4
1381370820	3775.5	1.9	137.8
1381370821	3806.3	1.7	167.4
1381370822	3783.8	1.9	140.3
1381370823	3832.4	1.8	173.9
1381370824	3969.4	1.9	165.6
1381370825	3956.1	1.8	152.4
1381370826	3977.4	1.9	158.5
1381370827	3974.4	1.8	164.5
1381370828	3951.8	1.9	149
1381370829	3976.5	1.9	172.1
1381370830	3962	1.9	164.7
1381370831	3963.8	1.8	165.9
1381370832	3992.4	1.8	187
1381370833	3925.7	1.9	124.1
1381370834	3836	1.9	30.9
1381370835	3836.2	1.9	30.7
1381370836	3833.2	1.9	30.8
1381370837	3847.1	1.9	30.8
1381370838	3857.5	2	30.8
1381370839	3838.8	2	30.8
1381370840	3847.1	2	30.9
1381370841	3889.5	1.9	45.5
1381370842	4113.1	1.7	251.1
1381370843	3993.6	1.8	158
1381370844	3935.6	1.8	128.1
1381370845	3960.8	1.9	154.3
1381370846	3949.1	1.8	139.9
1381370847	3950.5	1.8	130.3
1381370848	3956.5	1.9	150.9
1381370849	3954.2	1.9	153.8
1381370850	3953	1.8	152.1
1381370851	3956.9	1.9	151.9
1381370852	3961.2	1.9	154.6
1381370853	3956.5	2	149.3
1381370854	3977.5	1.9	171.2
1381370855	3974.3	1.8	168.2
1381370856	3954.7	2	149.7
1381370857	3965.2	1.8	154.8
1381370858	3962.8	2	161.1
1381370859	3882.4	1.9	77.1
1381370860	3841.9	1.9	31
1381370861	3841	1.9	30.9
1381370862	3836.5	2.1	30.8
1381370863	3832.1	2	31
1381370864	3837.6	2	31
1381370865	3837	1.9	30.7
1381370866	3833.6	1.8	30.9
1381370867	3883.2	1.9	79.3
1381370868	4038.7	1.8	225.2
1381370869	3939.7	2	134.9
1381370870	3938.1	1.6	139.1
1381370871	3944.4	1.9	139.8
1381370872	3949.4	1.7	138
1381370873	3941.2	2	134.5
1381370874	3981.3	1.8	160.9
1381370875	3980.5	2	146.2
1381370876	3987.9	1.9	164
1381370877	3993.8	1.9	168.9
1381370878	3948.9	1.9	130.3
1381370879	3967.9	2	152.9
1381370880	3981.5	2	165.2
1381370881	3970.4	1.9	156.9
1381370882	3972.2	2	154.8
1381370883	3992.6	2	173.7
1381370884	3974.1	1.9	164.7
1381370885	3878.3	2	67.2
1381370886	3850.1	1.9	30.8
1381370887	3847	1.9	30.8
1381370888	3849	1.9	30.7
1381370889	3864.4	1.8	30.9
1381370890	3850.7	1.9	30.8
1381370891	3852	1.8	30.7
1381370892	3852.3	1.9	30.8
1381370893	3968.3	1.8	146.7
1381370894	4022.5	1.8	204.3
1381370895	3993.4	1.7	192.6
1381370896	3959.4	1.9	152.2
1381370897	3960.3	1.8	147
1381370898	13760.8	3.4	126.7
1381370899	3966.4	1.9	147.5
1381370900	3944.8	1.9	152.7
1381370901	3886.7	1.8	157
1381370902	3902.6	1.7	170.7
1381370903	3899.7	1.9	165.3
1381370904	3903	1.7	167.6
1381370905	3885.8	1.8	158.7
1381370906	3880.6	1.7	150.2
1381370907	3891	1.7	152.4
1381370908	3896.6	1.8	167.7
1381370909	3901.9	1.9	168.4
1381370910	3874.7	1.8	133.3
1381370911	3769.6	1.8	41.7
1381370912	3761	1.8	30.7
1381370913	3758.1	1.9	30.7
1381370914	3761.4	1.9	30.9
1381370915	3758.2	1.9	30.8
1381370916	3754.6	1.8	30.8
1381370917	3754.4	1.9	30.7
1381370918	3759.5	1.8	30.9
1381370919	3894.3	1.8	168.3
1381370920	3943.9	1.9	212.8
1381370921	3908.1	1.9	177.2
1381370922	3858.5	1.9	133.9
1381370923	3902	1.9	177.2
1381370924	3905.1	1.8	178.1
1381370925	3900.2	1.8	172.3
1381370926	3875.9	1.8	140.8
1381370927	3886.6	1.8	158.4
1381370928	3883.7	1.9	158.6
1381370929	3876	1.8	146.3
1381370930	3842.6	1.9	113.2
1381370931	3891.7	1.8	156.3
1381370932	3868.5	2	142
1381370933	3874.3	1.7	150.8
1381370934	3867.4	2	141.8
1381370935	3863.2	1.8	138.7
1381370936	3862.2	2	133.3
1381370937	3763.6	1.8	31
1381370938	3758.4	2	30.8
1381370939	3762.6	1.8	30.7
1381370940	3759.4	1.8	30.7
1381370941	3764.8	1.7	30.9
1381370942	3772.5	1.8	30.6
1381370943	3768.3	1.8	30.8
1381370944	3768.9	1.8	31.7
1381370945	3967.8	1.7	232.6
1381370946	3893.6	1.8	159.4
1381370947	3881.9	1.8	149.8
1381370948	3878.1	1.8	147.1
1381370949	3875.8	1.7	148.4
1381370950	3868.1	1.8	140
1381370951	3857.6	1.9	131.8
1381370952	3881.3	1.8	141.6
1381370953	3850.2	1.9	122.5
1381370954	3886	1.9	161.9
1381370955	3854.8	1.9	130.2
1381370956	3902.9	1.8	172.1
1381370957	3873	1.8	137.8
1381370958	3884.5	1.8	151
1381370959	3883.9	1.8	152
1381370960	3851.8	1.8	123.7
1381370961	3877.9	1.8	146.7
1381370962	3840.9	2.1	109.1
1381370963	3764.7	1.8	30.9
1381370964	3759.9	1.8	31
1381370965	3770.4	1.9	30.7
1381370966	3762.6	1.9	30.8
1381370967	3765.8	2	30.9
1381370968	3769.5	1.9	30.8
1381370969	3765.3	1.9	30.8
1381370970	3772.3	1.8	41.9
1381370971	3986.1	1.8	255.3
1381370972	3911.7	1.7	175.1
1381370973	3914.3	1.8	175.8
1381370974	3883	1.8	154
1381370975	3895.6	1.8	165.1
1381370976	3868.1	1.7	140.3
1381370977	3893.7	1.9	163.7
1381370978	3883.9	1.9	155.5
1381370979	3898.7	1.8	168.8
1381370980	3884.3	1.9	157.7
1381370981	3886.7	1.7	154.1
1381370982	3894.4	1.7	163.4
1381370983	3905.9	2	166.1
1381370984	3897.3	1.7	155.8
1381370985	3903.7	1.8	162.9
1381370986	3902.4	1.8	166
1381370987	3905.4	1.8	164.3
1381370988	3844.3	1.9	101.6
1381370989	3769	1.9	30.9
1381370990	3765.4	1.9	30.9
1381370991	3769.6	1.8	30.9
1381370992	3766.6	1.8	31
1381370993	3766.3	1.9	30.9
1381370994	3774.3	1.9	30.9
1381370995	3760.8	1.9	30.9
1381370996	3804.5	1.9	74
1381370997	3998.6	1.8	271.1
1381370998	3908.8	1.8	174.5
1381370999	3880.5	1.8	147.4
1381371000	3869.7	1.8	138.9
1381371001	3878	1.9	148.4
1381371002	3891.9	1.7	156.8
1381371003	3894.3	1.9	162.9
1381371004	3868.3	1.7	138.6
1381371005	3882.9	1.9	154.3
1381371006	3873.4	1.9	146.2
1381371007	3873.1	1.8	143.7
1381371008	3883.4	1.9	159.6
1381371009	3880.4	1.9	154.6
1381371010	3847.7	1.9	121.1
1381371011	3897.9	1.9	166
1381371012	3888.1	1.8	158.1
1381371013	3872.7	1.9	137.9
1381371014	3815.4	2	75.7
1381371015	3769.8	1.9	30.9
1381371016	3768.3	1.9	30.9
1381371017	3762.9	1.9	30.9
1381371018	3766.8	2	30.9
1381371019	3766.6	1.9	30.8
1381371020	3769.7	1.9	31
1381371021	3770.2	1.9	30.9
1381371022	6085.8	0.7	136.4
1381371023	11589.2	2.3	225
1381371024	3878.1	1.9	142.4
1381371025	3912.8	1.9	187.6
1381371026	3910.6	1.9	180.6
1381371027	3821.8	1.8	177.3
1381371028	3717.3	1.8	140.5
1381371029	3709.2	1.7	135.7
1381371030	3720.2	1.7	157.2
1381371031	3733.6	1.7	163.8
1381371032	3754.7	1.7	184
1381371033	3678.9	1.8	108
1381371034	3723.2	1.7	161.8
1381371035	3706.1	1.8	138.6
1381371036	3726.2	1.7	156.4
1381371037	3720	1.7	158.1
1381371038	3701.8	1.7	141.8
1381371039	3727.2	1.9	162.9
1381371040	3623.4	1.7	49.5
1381371041	3603.9	1.7	30.8
1381371042	3600.4	1.7	30.7
1381371043	3601.6	1.8	30.9
1381371044	3596.8	2	30.9
1381371045	3591.8	1.8	30.7
1381371046	3599.1	1.9	30.8
1381371047	3605.7	1.8	30.7
1381371048	3586.6	1.8	12.4
1381371049	3642.4	1.8	73.3
1381371050	3647.2	1.9	72.2
1381371051	3640.3	1.8	70.5
1381371052	3650	1.7	70.7
1381371053	3640.6	1.8	70.6
1381371054	3634.8	1.8	70.5
1381371055	3638.3	1.9	70.7
1381371056	3662.3	1.8	70.6
1381371057	3653.5	1.7	70.6
1381371058	3641.7	1.8	70.6
1381371059	3637	1.8	70.4
1381371060	3637.1	1.8	70.5
1381371061	3637	1.9	70.6
1381371062	3642.5	1.8	70.6
1381371063	3675.7	1.8	70.6
1381371064	3683.6	1.8	70.3
1381371065	3688.1	1.9	70.5
1381371066	3688.2	1.8	70.3
1381371067	3685.9	1.8	70.4
1381371068	3688.7	1.7	70.6
1381371069	3688.8	1.6	70.3
1381371070	3693.9	1.8	70.1
1381371071	3687	1.7	70.2
1381371072	3685.7	1.8	70.2
1381371073	3694.6	1.8	70.1
1381371074	3688.3	1.7	70
1381371075	5115.6	0.4	71.5
1381371076	4512.6	0.4	51.9
1381371077	4517	0.3	52.3
1381371078	4472.6	0.5	50
1381371079	4405.7	0.6	49.4
1381371080	4401.8	0.6	48.4
1381371081	4415.2	0.7	50.6
1381371082	4447.6	0.7	53.3
1381371083	4432.1	0.8	55.9
1381371084	4423.7	0.6	49.9
1381371085	4415.1	0.7	49
1381371086	4345	0.8	58.5
1381371087	3826.2	1.7	176.6
1381371088	3786	1.8	128.4
1381371089	3801.3	1.8	153.5
1381371090	3769	1.8	115.7
1381371091	3735.8	1.8	83.3
1381371092	3735.1	1.8	81.1
1381371093	3741.8	1.8	84.9
1381371094	3750.2	1.8	92.6
1381371095	3755.5	1.6	99.2
1381371096	3713.7	1.8	62.3
1381371097	3718	1.8	67.4
1381371098	3734.6	1.8	69.9
1381371099	3726.7	1.8	71.8
1381371100	3720.5	1.7	72.7
1381371101	3668.5	1.8	13.1
1381371102	3670.8	1.8	9.3
1381371103	3668.9	1.8	9.2
1381371104	3695.9	1.7	33.1
1381371105	3745.5	1.7	89.6
1381371106	3725	1.7	61.6
1381371107	3726.2	1.7	65.2
1381371108	3709.3	1.7	56.7
1381371109	3692.7	1.9	40.6
1381371110	3686.7	1.7	35.5
1381371111	3680.1	1.7	32.6
1381371112	3683.7	1.8	38.6
1381371113	3710.1	1.8	66.2
1381371114	3666	1.8	20.7
1381371115	3671.1	1.8	25.2
1381371116	3667.9	1.7	26.4
1381371117	3673.9	1.7	26.6
1381371118	3682.6	1.8	27.6
1381371119	3680.4	1.7	14
1381371120	3664.2	1.7	9.3
1381371121	3661.9	1.8	11.1
1381371122	3736.8	1.7	93.4
1381371123	3693.5	1.7	48.2
1381371124	3702.8	1.7	61.8
1381371125	3724.3	1.7	65.2
1381371126	3706.4	1.7	68.7
1381371127	3716.2	1.8	71.1
1381371128	3703.3	1.7	60.7
1381371129	3706.5	1.6	57.4
1381371130	3704.5	1.8	66.5
1381371131	3677.5	1.7	40
1381371132	3679.6	1.7	34.9
1381371133	3715.1	1.7	74.7
1381371134	3657.8	1.8	19.7
1381371135	3664.7	1.7	24
1381371136	3670.7	1.7	27.2
1381371137	3663.9	1.7	27.1
1381371138	3666	1.7	26.9
1381371139	3696.7	1.8	54.4
1381371140	3749.5	1.7	92.3
1381371141	3753.3	1.8	106
1381371142	3750.6	1.6	104.2
1381371143	3738.8	1.8	92.2
1381371144	3741.6	1.6	96.6
1381371145	3748.2	1.8	107
1381371146	3759.2	1.8	119.8
1381371147	3747.6	1.8	101.3
1381371148	3723.7	1.6	80.8
1381371149	3738.7	2	82
1381371150	3724.8	1.9	89.4
1381371151	6136	0.5	90.2
1381371152	11067.9	2.2	83.7
1381371153	3736.9	1.8	84
1381371154	3739.9	1.8	82.3
1381371155	3730.8	1.9	81.8
1381371156	3734.2	1.7	83.6
1381371157	3728.3	1.9	85
1381371158	3726.6	1.8	82.3
1381371159	3730.3	1.8	82.2
1381371160	3726.6	1.8	81.5
1381371161	3730.1	1.8	81.1
1381371162	3731.3	1.7	81.1
1381371163	3699.1	1.8	81.4
1381371164	3493.9	1.9	81.5
1381371165	3492.7	1.8	81.3
1381371166	3489.1	1.8	81
1381371167	3491.6	1.8	80.4
1381371168	3490.2	1.7	80.5
1381371169	3489.2	1.5	70.2
1381371170	3464.9	1.7	51.8
1381371171	3470.3	1.8	58
1381371172	3467.4	1.9	61.8
1381371173	3472.6	1.9	63.4
1381371174	3469.7	1.9	64.4
1381371175	3475.4	1.8	64.6
1381371176	3486.3	1.9	64.2
1381371177	3473.9	1.9	65.4
1381371178	3474.6	1.9	65.6
1381371179	3474.4	1.8	65
1381371180	3476.2	1.7	65.3
1381371181	3476.5	1.8	65.5
1381371182	3496.1	1.8	65
1381371183	3477.6	1.7	65.1
1381371184	3473	1.9	65.7
1381371185	3472.6	1.9	64.9
1381371186	3476.1	1.8	65
1381371187	3472.6	1.8	65.9
1381371188	3470.1	1.7	62.6
1381371189	3548.8	1.9	138
1381371190	3638.4	1.6	229.6
1381371191	3728.2	1.7	314.2
1381371192	3777.5	1.7	366.3
1381371193	3748	1.7	337.1
1381371194	3715.2	1.7	309.7
1381371195	3699.7	1.7	294.4
1381371196	3682.1	1.7	270.4
1381371197	3678.7	1.8	249.9
1381371198	3640.8	1.7	227.2
1381371199	3631.5	1.7	215.6
1381371200	3614.9	1.8	198.6
1381371201	3600.8	1.8	181.9
1381371202	3585.3	1.8	159.2
1381371203	3567.7	1.8	149.2
1381371204	3555	1.8	135.9
1381371205	3538.3	1.8	130.9
1381371206	3544.3	1.8	127.7
1381371207	3542	1.8	122.6
1381371208	3538.3	1.8	121.7
1381371209	3551.9	1.9	130.6
1381371210	3602.9	1.8	187.9
1381371211	3593.1	1.8	175.9
1381371212	3573.3	1.8	155.2
1381371213	3560	1.8	137.5
1381371214	3556.6	1.8	135.2
1381371215	3532.3	1.8	122.7
1381371216	3464.2	1.9	48.5
1381371217	3460.4	1.9	48.4
1381371218	3464.6	1.9	48.2
1381371219	3460.2	1.8	48.1
1381371220	3448.9	1.8	30.6
1381371221	3435	1.8	19.2
1381371222	3440.8	1.8	22.8
1381371223	3490.9	1.8	72.8
1381371224	3486.7	1.9	65.5
1381371225	3481	1.8	65.2
1381371226	3482.7	1.8	64.7
1381371227	3483.5	1.8	64.9
1381371228	3479.5	1.8	64.9
1381371229	3487.1	1.7	64.6
1381371230	3488.9	1.9	64.2
1381371231	3480.2	1.9	64.7
1381371232	3493.9	1.9	64.7
1381371233	3488	1.8	64.3
1381371234	3483.3	1.7	64.2
1381371235	3526.2	1.9	108.6
1381371236	3623.9	1.7	212.3
1381371237	3688.9	1.7	271.8
1381371238	3672.2	1.7	254.8
1381371239	3642.7	1.8	224.3
1381371240	3673.5	1.7	258.6
1381371241	3654.6	1.6	242.7
1381371242	3634.9	1.7	221.9
1381371243	3624.8	1.8	211
1381371244	3617.1	1.7	196.6
1381371245	3598	1.6	181.8
1381371246	3579.1	1.7	170.4
1381371247	3574.9	1.8	159
1381371248	3574.4	1.8	153.2
1381371249	3566.3	1.8	149
1381371250	3556.5	1.7	145.4
1381371251	3557.6	1.8	146.9
1381371252	3558.9	1.7	145.6
1381371253	3554.2	1.7	145.1
1381371254	3555.3	1.8	145.8
1381371255	3549.8	2	146.1
1381371256	3562.3	1.9	151.5
1381371257	3551.8	1.8	149.9
1381371258	3553	1.8	147.8
1381371259	3550.1	1.8	146
1381371260	3559.9	1.8	153.6
1381371261	3570.1	1.9	166.5
1381371262	3592	2	177.6
1381371263	3594.9	1.8	186.9
1381371264	3596.9	1.8	192.3
1381371265	3615.8	1.6	197.2
1381371266	3615.4	1.8	203.8
1381371267	3615	1.8	206.5
1381371268	3618.3	1.9	212.9
1381371269	3625.4	1.8	211.3
1381371270	3614.7	1.8	208.9
1381371271	3625.8	1.8	213.9
1381371272	3655.1	1.8	212.3
1381371273	3689.1	1.9	208.6
1381371274	3697.8	1.8	210.7
1381371275	13372	3.2	203.8
1381371276	3824.7	1.6	210.6
1381371277	3690.7	1.8	213.4
1381371278	3652.3	1.9	213
1381371279	3634.2	1.8	215.8
1381371280	3627	1.7	211.7
1381371281	3637.8	1.7	217.3
1381371282	3632.5	1.7	215
1381371283	3642.6	1.8	223.2
1381371284	3627.6	1.7	220.3
1381371285	3640.5	1.7	224.2
1381371286	3652.3	1.7	225.6
1381371287	3659.5	1.7	236.3
1381371288	3636.8	1.9	224.8
1381371289	3635.2	1.8	225.7
1381371290	3633.6	1.9	221.3
1381371291	3626.1	1.8	218.2
1381371292	3627.4	1.8	216.4
1381371293	3624.9	1.9	215.8
1381371294	3627.1	1.6	215.4
1381371295	3620.7	1.8	213.6
1381371296	3621.8	1.7	211.1
1381371297	3626	1.8	212.2
1381371298	3622.6	1.8	210.2
1381371299	3624.4	1.8	214.7
1381371300	3617.9	1.8	208
1381371301	3619.5	1.8	206.2
1381371302	3613.9	1.8	206.9
1381371303	3640.3	1.8	211.6
1381371304	3633.5	1.6	205.5
1381371305	3619.7	1.7	208
1381371306	3609.9	1.8	205.2
1381371307	3626.3	1.8	205.6
1381371308	3612.6	1.8	204.2
1381371309	3617.8	1.8	209.3
1381371310	3616.8	1.8	206.9
1381371311	3613.8	1.8	205.2
1381371312	3619.3	1.8	204.4
1381371313	3623.1	1.8	203.1
1381371314	3609	1.7	198.1
1381371315	3609.7	1.9	202.8
1381371316	3618.1	1.8	205.2
1381371317	3620.8	1.8	205
1381371318	3617.7	1.8	210.1
1381371319	3616.9	1.7	203.2
1381371320	3614.4	1.8	205.1
1381371321	3625.1	1.8	216.6
1381371322	3635.7	1.8	220.3
1381371323	3639.6	1.8	230.7
1381371324	3640.1	1.7	231
1381371325	3650.7	1.8	238.2
1381371326	3644.9	1.7	240
1381371327	3654.7	1.8	246.3
1381371328	3671.3	1.7	249.3
1381371329	3661.6	1.9	244.5
1381371330	3665	1.8	254.7
1381371331	3666.5	1.8	262.7
1381371332	3680.7	1.7	269
1381371333	3678.9	1.7	267.6
1381371334	3677.1	1.7	269.6
1381371335	3678.9	1.8	275.6
1381371336	3683.8	1.7	276.5
1381371337	3685.7	1.7	277
1381371338	3682.5	1.7	278.7
1381371339	3684.2	1.7	286.4
1381371340	3698.3	1.8	294.3
1381371341	3694.3	1.7	293.4
1381371342	3696.6	1.7	298.3
1381371343	3694.1	1.7	299.8
1381371344	3701.9	1.7	299.8
1381371345	3704.2	1.8	300.9
1381371346	3699.5	1.7	306.1
1381371347	3716.2	1.8	314.1
1381371348	3717.8	1.7	318.9
1381371349	3732.7	1.7	315.6
1381371350	3428.8	1.8	27.2
1381371351	3413.1	1.8	9.4
1381371352	3423	1.7	9.3
1381371353	3420	1.8	9.4
1381371354	3419.6	1.9	9.3
1381371355	3411	1.7	9.5
1381371356	3413.3	1.8	9.3
1381371357	3416.9	1.8	9.3
1381371358	3417.5	1.8	9.4
1381371359	3414.2	1.8	9.3
1381371360	3422.9	1.9	9.3
1381371361	3412.3	1.8	9.3
1381371362	3420	1.9	9.4
1381371363	3416.1	1.8	9.4
1381371364	3420.6	1.9	9.2
1381371365	3423.1	1.9	9.3
1381371366	3419.8	1.9	9.1
1381371367	4440.1	0.3	12.6
1381371368	4268.9	0.5	18.2
1381371369	4273.8	0.5	18.1
1381371370	4276.1	0.4	18.1
1381371371	4275.6	0.4	18.3
1381371372	4269.1	0.4	18.1
1381371373	4264.9	0.5	18.2
1381371374	4273.6	0.4	18.1
1381371375	4264.3	0.6	18.1
1381371376	4259	0.6	13.4
1381371377	4251.5	0.5	13.3
1381371378	4256.9	0.5	13.3
1381371379	4250.8	0.4	13.1
1381371380	4253.6	0.5	13.3
1381371381	4248.8	0.5	13.4
1381371382	4255.7	0.4	13.2
1381371383	4257.1	0.6	13.4
1381371384	4252.8	0.6	13.1
1381371385	4251.3	0.5	13.3
1381371386	4260.8	0.7	18
1381371387	4265.5	0.3	20.7
1381371388	4321.7	0.6	72.6
1381371389	4290.4	0.5	38.2
1381371390	4301.4	0.4	32.5
1381371391	4285	0.3	18.1
1381371392	4273.6	0.3	18.3
1381371393	4266	0.5	18.3
1381371394	4266.2	0.4	18.1
1381371395	4263.8	0.5	18.2
1381371396	4257.1	0.5	13.4
1381371397	4248.7	0.5	13.3
1381371398	4269.5	0.4	30
1381371399	4308.8	0.5	71.3
1381371400	4281	0.5	46.3
1381371401	4263.4	0.4	24
1381371402	4252.1	0.4	13.2
1381371403	4251.3	0.5	13.3
1381371404	14081.7	4.5	10
1381371405	4259.3	0.6	13.4
1381371406	4272	0.6	18
1381371407	4264.9	0.5	18.2
1381371408	4267.2	0.4	18.2
1381371409	4320.8	0.4	67.1
1381371410	4304.4	0.4	55.1
1381371411	4307.2	0.5	51
1381371412	4296.7	0.4	25.9
1381371413	4267.2	0.5	18.2
1381371414	4267.5	0.4	18.3
1381371415	4269.7	0.4	18.2
1381371416	4261.7	0.5	13.4
1381371417	4260.1	0.6	13.3
1381371418	4255.4	0.5	13.2
1381371419	4260.9	0.5	13.3
1381371420	4347.8	0.6	98.9
1381371421	4300.6	0.5	57.1
1381371422	4300.3	0.5	55.8
1381371423	4257.4	0.5	14
1381371424	4246.5	0.3	13.2
1381371425	4247.3	0.4	13.2
1381371426	4255.5	0.4	18
1381371427	4257.5	0.4	18
1381371428	4255.9	0.5	18.4
1381371429	4259.1	0.4	18.2
1381371430	4257.6	0.6	18.3
1381371431	4385.5	0.6	142.8
1381371432	4300	0.6	52.6
1381371433	4319.7	0.4	68.7
1381371434	4261.4	0.6	18.3
1381371435	4265.9	0.6	18.4
1381371436	4256	0.5	13.5
1381371437	4251.8	0.5	13.4
1381371438	4250.1	0.5	13.4
1381371439	4259.9	0.4	13.4
1381371440	4245.9	0.6	13.3
1381371441	4251.9	0.6	14.8
1381371442	4410.9	0.4	176.9
1381371443	4317.4	0.6	82.9
1381371444	4286	0.4	52.9
1381371445	4246.6	0.5	13.4
1381371446	4260.2	0.4	18.1
1381371447	4258.3	0.3	18.3
1381371448	4266.3	0.5	18.3
1381371449	4263.6	0.6	18.3
1381371450	4258.8	0.5	18
1381371451	4262.1	0.4	18.2
1381371452	4282.8	0.4	34.6
1381371453	4445	0.4	197.8
1381371454	4380.4	0.4	133.4
1381371455	4306.8	0.5	63.4
1381371456	4248.2	0.4	13.5
1381371457	4246.3	0.5	13.2
1381371458	4251.2	0.5	13.3
1381371459	4250.3	0.6	13.4
1381371460	4249.8	0.5	13.3
1381371461	4250.6	0.5	13.3
1381371462	4251.6	0.5	13.3
1381371463	4299.7	0.4	65.3
1381371464	4461.4	0.4	225.1
1381371465	4388	0.4	150.9
1381371466	4199.1	0.6	14.1
1381371467	4145.7	0.6	8.5
1381371468	4143	0.7	8.7
1381371469	4149	0.6	8.6
1381371470	4147.8	0.7	8.6
1381371471	4155.7	0.6	8.5
1381371472	4156.2	0.6	8.5
1381371473	4151.6	0.7	8.6
1381371474	4033.9	0.9	11.5
1381371475	3641.4	1.7	219.6
1381371476	3608.9	1.8	196.5
1381371477	3563	1.7	152.9
1381371478	3564.5	1.7	154.5
1381371479	3571.1	1.7	151.5
1381371480	3563	1.8	139.6
1381371481	3542.2	1.7	125.8
1381371482	3573.7	1.7	155.8
1381371483	3538.2	1.8	126.8
1381371484	3587.2	1.6	174.8
1381371485	3528.2	1.8	111.5
1381371486	3569.5	1.9	159.9
1381371487	3560.1	1.7	150.2
1381371488	3528.4	1.7	118.6
1381371489	3572.3	1.6	161.9
1381371490	3546.8	1.8	137.1
1381371491	3547	1.7	141.3
1381371492	3511.5	1.8	102.8
1381371493	3417.2	1.8	9.4
1381371494	3419.7	1.7	9.1
1381371495	3427	1.7	9.3
1381371496	3425.5	1.8	9.5
1381371497	3419.7	1.8	9.2
1381371498	3422.6	1.7	9.1
1381371499	3419.3	1.9	9.3
1381371500	3446.1	1.8	31.5
1381371501	3645.2	1.7	238.1
1381371502	3557.4	1.7	151.9
1381371503	3549.5	1.6	145.3
1381371504	3551.6	1.8	142.2
1381371505	3523.7	1.8	118.2
1381371506	3554.6	1.7	146.5
1381371507	3533.4	1.8	128.2
1381371508	3543	1.9	134.6
1381371509	3549.5	1.8	134.1
1381371510	3537.2	1.8	128.9
1381371511	3562.9	1.8	147.3
1381371512	3543.6	1.7	134
1381371513	3526.7	1.7	110.3
1381371514	3559.4	1.7	146.6
1381371515	3529.1	1.8	121.4
1381371516	3553.8	1.8	128.5
1381371517	3526.5	1.8	113.4
1381371518	3468.5	1.8	57.1
1381371519	3420.2	1.9	9.2
1381371520	3424.7	1.8	9.3
1381371521	3423.7	1.8	9.2
1381371522	3420.4	1.8	9.3
1381371523	3420.5	1.9	9.2
1381371524	3423.6	1.8	9.3
1381371525	3423.7	1.8	9.3
1381371526	3484.6	1.9	75
1381371527	3599.4	1.8	192.9
1381371528	3552.6	1.7	141.9
1381371529	3539.5	1.8	124.6
1381371530	3570.1	1.8	162.3
1381371531	3544.4	1.6	138.7
1381371532	3522.3	1.6	108
1381371533	3567.3	1.8	157.5
1381371534	3573	1.8	164.7
1381371535	3536.4	1.8	123.8
1381371536	3553.8	1.8	146.5
1381371537	3549.1	1.8	123.8
1381371538	13602.4	3.5	164.5
1381371539	3561.9	1.7	144
1381371540	3551.1	1.7	137.6
1381371541	3545.1	1.7	129.9
1381371542	3533.4	1.7	117.6
1381371543	3560.5	1.8	145.3
1381371544	3450.9	1.9	34.1
1381371545	3420.7	1.8	9.3
1381371546	3424	1.8	9.2
1381371547	3422.3	1.8	9.4
1381371548	3420.5	1.7	9.3
1381371549	3418.6	1.8	9.3
1381371550	3885.8	1.4	9.2
1381371551	4383.3	1.2	8.8
1381371552	4510.7	1.1	129.3
1381371553	4580.8	1.1	195.2
1381371554	4506.5	1.2	127.2
1381371555	4507.9	1.2	131.5
1381371556	4524.8	1.1	149.7
1381371557	4497.7	1.2	119.1
1381371558	4529.5	1	133.7
1381371559	4505.7	1.2	127.7
1381371560	4544.8	1.2	163.7
1381371561	4486.9	1.1	112.3
1381371562	4524.1	1.2	143.7
1381371563	4506.7	1.2	126.9
1381371564	4512.1	1.3	137.1
1381371565	4523.6	1.1	148.1
1381371566	4456.1	1.2	82.1
1381371567	4516.2	1.1	143
1381371568	4494.6	1.2	117.4
1381371569	4518.5	1.1	136.5
1381371570	4397.5	1.2	23.3
1381371571	4385.7	1.2	8.9
1381371572	4389.3	1.2	8.9
1381371573	4390.3	1.2	8.9
1381371574	4386.8	1.1	8.9
1381371575	4382	1.2	9.1
1381371576	4380.6	1.3	8.9
1381371577	4382.5	1.1	9
1381371578	4546.7	1.2	170.3
1381371579	4580.1	1.1	189.4
1381371580	4556.7	1.2	175.4
1381371581	4538	1	166.2
1381371582	4530.3	1.1	153.6
1381371583	4512.9	1.2	138.1
1381371584	4511.8	1.1	131.4
1381371585	4513.7	1.1	141.7
1381371586	4502.2	1.2	126.3
1381371587	4524	1.1	147.4
1381371588	4521.4	1.2	150.2
1381371589	4503.8	1.2	123.7
1381371590	4498.9	1.3	120.3
1381371591	4504.1	1	123.1
1381371592	4535.1	1.3	151.5
1381371593	4536.1	1.1	150.7
1381371594	4525.2	1.2	140.8
1381371595	4509.2	1.2	133
1381371596	4384.5	1.2	9.1
1381371597	4382.2	1.3	8.9
1381371598	4385.4	1.2	8.9
1381371599	4391.5	1.4	8.9
1381371600	4402.3	1.2	8.9
1381371601	4384.9	1.2	8.9
1381371602	4388.9	1.2	8.9
1381371603	4386.6	1.3	11.2
1381371604	4609.8	1.1	235.3
1381371605	4559.1	1.2	182.9
1381371606	4527	1.1	154.1
1381371607	4535.2	1.3	158.5
1381371608	4541	1.3	171.6
1381371609	4539.6	1	158.3
1381371610	4518.1	1.2	128.6
1381371611	4507.8	1.2	121.2
1381371612	4560.3	1	161.3
1381371613	4518.9	1.2	137.1
1381371614	4530.1	1.2	148.1
1381371615	4531.5	1	153.7
1381371616	4527.7	1.1	147
1381371617	4525	1	143.7
1381371618	4506.2	1.2	123
1381371619	4528.7	1.1	154.8
1381371620	4484.3	1.1	104.4
1381371621	4464.6	1.1	84.7
1381371622	4382.9	1.2	8.9
1381371623	4386	1.2	9
1381371624	4381.8	1.3	9
1381371625	4390.4	1.2	9
1381371626	4386.6	1.3	8.9
1381371627	4391	1.1	9
1381371628	4380.1	1.2	8.9
1381371629	4400.6	1.3	27.3
1381371630	4638.2	1	263.7
1381371631	4529.7	1.2	159.1
1381371632	4565.2	1.1	188.1
1381371633	4522.7	1.2	149.3
1381371634	4484.7	1.1	115
1381371635	4510.3	1.2	143
1381371636	4514.8	1.2	141.8
1381371637	4520.8	1.1	152.6
1381371638	4529.1	1.2	152.7
1381371639	4522.1	1.2	145.1
1381371640	4530.7	1.4	153.2
1381371641	4531.1	1.3	151.1
1381371642	4546	1.3	160.7
1381371643	4537.6	1.1	161.1
1381371644	4543.8	1.2	171.9
1381371645	4544.3	1.1	172.7
1381371646	4541.2	1.1	175.9
1381371647	4470.4	1.2	97.7
1381371648	4387.5	1.2	9
1381371649	4388.7	1.2	8.8
1381371650	4381.4	1.4	9
1381371651	4372.9	1.3	8.8
1381371652	4385.1	1.2	8.9
1381371653	4383.2	1.2	9
1381371654	4383	1.2	8.8
1381371655	4436.8	1.2	64.8
1381371656	4626.2	1	257
1381371657	4558	1.1	188
1381371658	4509.2	1.2	132.3
1381371659	4514.8	1.1	139.7
1381371660	4541	1.2	166.7
1381371661	4499.2	1.2	121.3
1381371662	4522.3	1.2	140.7
1381371663	4530.3	1.2	146.4
1381371664	4492.8	1.2	118.6
1381371665	4538.3	1	165.1
1381371666	4490.2	1.2	115
1381371667	4534.8	1.2	159.9
1381371668	4500.8	1.2	128.9
1381371669	7333.9	0.3	127.3
1381371670	11843.9	2.7	151.3
1381371671	4477.8	1.2	108.2
1381371672	4549.2	1.2	172.7
1381371673	4394.8	1.3	27.8
1381371674	4375.5	1.3	8.9
1381371675	4382.4	1.3	8.9
1381371676	4375.1	1.2	9
1381371677	4379.9	1.3	8.9
1381371678	4377.9	1.2	9
1381371679	4385.2	1.2	9
1381371680	4376	1.2	9.1
1381371681	4510.5	1.1	139.2
1381371682	4560.4	1.2	182.5
1381371683	4570.3	1.2	196.3
1381371684	4515.2	1.1	141.9
1381371685	4550.6	1.2	181.1
1381371686	4517.9	1.2	149.5
1381371687	4508.3	1.3	138.2
1381371688	4494.7	1.1	120
1381371689	4464.6	1.3	100.4
1381371690	4515.2	1	143.5
1381371691	4473	1.3	109.4
1381371692	4495.4	1.2	123.8
1381371693	4497.3	1.2	127.9
1381371694	4472.8	1.1	104
1381371695	4472.1	1.1	109
1381371696	4490.1	1.2	128.3
1381371697	4503.7	1.2	137.4
1381371698	4511.3	1.1	148.4
1381371699	4391.4	1.3	20.2
1381371700	4375.1	1.3	9
1381371701	4372.7	1.5	8.9
1381371702	4369.5	1.2	9
1381371703	4377.2	1.3	9
1381371704	4377.5	1.3	8.9
1381371705	4381.4	1.2	8.8
1381371706	4376.5	1.1	8.7
1381371707	4375.1	1.2	8.7
1381371708	4428.4	1.2	65.8
1381371709	4428.8	1.2	68.8
1381371710	4435.3	1.2	71.9
1381371711	4429.7	1.3	71.7
1381371712	4433.8	1.2	71.8
1381371713	4433.2	1.3	71.8
1381371714	4437.2	1.2	71.8
1381371715	4435.2	1.2	71.8
1381371716	4434.9	1.4	71.6
1381371717	4432.9	1.2	72
1381371718	4431.5	1.1	71.7
1381371719	4436.2	1.2	71.8
1381371720	4436.2	1.2	71.7
1381371721	4436.8	1.4	71.9
1381371722	4434.7	1.2	71.8
1381371723	4437.7	1.1	71.7
1381371724	4427.4	1.2	71.7
1381371725	4445	1.3	71.7
1381371726	4431	1.3	71.7
1381371727	4427.4	1.2	71.8
1381371728	4423.1	1.2	71.8
1381371729	4430.7	1.2	71.8
1381371730	4429.6	1.3	71.7
1381371731	4434.4	1.2	71.7
1381371732	4451.4	1.2	71.9
1381371733	4461	1.2	71.7
1381371734	4463.6	1.4	71.6
1381371735	6006.6	1.1	74.1
1381371736	5285.8	0.1	55.7
1381371737	5277.4	0	53
1381371738	5237.8	0.1	51.6
1381371739	5173.8	0.1	49.2
1381371740	5173.2	0.1	49.3
1381371741	5178.2	0.1	51.8
1381371742	5178.3	0	52.9
1381371743	5183.7	0	55.4
1381371744	5169.2	0	48.8
1381371745	5168.1	0.1	48.6
1381371746	5060.6	0.3	63.3
1381371747	4568.4	1.1	167.9
1381371748	4519.7	1.1	125.8
1381371749	4513	1.2	126
1381371750	4521	1.2	127.7
1381371751	4513.2	1.2	121.7
1381371752	4506.2	1.2	111
1381371753	4502.7	1.2	112.3
1381371754	4489.9	1.1	102.3
1381371755	4484.7	1.2	100.8
1381371756	4486.5	1.2	98.5
1381371757	4481.5	1.2	96.3
1381371758	4491.8	1.1	105.3
1381371759	4450.3	1.2	61.4
1381371760	4457.1	1.3	67.4
1381371761	4459.1	1.1	69.2
1381371762	4457.1	1.2	69.8
1381371763	4457.6	1.2	71.1
1381371764	4429.3	1.3	33.2
1381371765	4401.3	1.1	8.9
1381371766	4399.8	1.2	8.9
1381371767	4417.3	1.1	12.8
1381371768	4469.4	1.1	80.8
1381371769	4463.3	1.2	64.3
1381371770	4457	1.2	66.4
1381371771	4449.6	1.1	60.8
1381371772	4465	1.1	74.1
1381371773	4448.7	1.1	61.1
1381371774	4463.2	1.1	69.1
1381371775	4457.7	1.3	58.5
1381371776	4439.4	1.1	52.6
1381371777	4433.7	1.2	45.6
1381371778	4440.4	1.2	49.1
1381371779	4437.6	1	51.9
1381371780	4433.7	1.1	42.3
1381371781	5755.3	0.9	21.4
1381371782	5267.6	0.2	24.9
1381371783	5261	0.1	26.9
1381371784	5252.9	0.2	27.3
1381371785	5253.4	0.2	26.6
1381371786	5235.2	0.1	8.2
1381371787	5237.1	0.2	8.1
1381371788	5247.2	0.3	8.1
1381371789	5268.7	0.1	38.5
1381371790	5296.7	0.3	72.2
1381371791	5291.9	0.3	64.9
1381371792	5293.4	0.2	66.6
1381371793	5291.7	0.1	68.8
1381371794	5520.5	0	45
1381371795	5648.7	0.1	47.9
1381371796	5608.2	0	10.9
1381371797	5605.6	0.1	8.2
1381371798	5595.5	0.1	8.2
1381371799	5664.6	0.1	95.3
1381371800	5696	0.2	137.6
1381371801	5660.9	0.2	124.4
1381371802	5631.8	0.1	99.7
1381371803	5608.3	0.2	92.8
1381371804	5603.5	0.2	84.4
1381371805	15848.5	4.9	76.7
1381371806	5580	0.3	75.2
1381371807	5587.3	0.1	81.9
1381371808	5550.8	0.3	46.6
1381371809	4920.8	1.3	47.3
1381371810	4851.8	1.4	76.8
1381371811	4891.5	1.5	119.5
1381371812	4868.4	1.4	97.5
1381371813	4892	1.4	109.8
1381371814	4869.7	1.4	100
1381371815	4852.5	1.4	77.6
1381371816	4843.2	1.4	72.5
1381371817	4849.1	1.4	76.9
1381371818	4858	1.4	82.1
1381371819	4867.5	1.4	92.9
1381371820	4837.1	1.6	58.9
1381371821	4829.5	1.4	62.5
1381371822	4841.6	1.5	64.5
1381371823	4834.5	1.3	65
1381371824	4841.6	1.5	65.4
1381371825	4847.6	1.5	72.5
1381371826	4850.8	1.4	80.3
1381371827	4857.5	1.4	84.5
1381371828	4858.7	1.4	87.7
1381371829	4866.8	1.5	91.8
1381371830	4882.1	1.4	96.3
1381371831	4889.9	1.4	108.2
1381371832	4876.9	1.3	103.4
1381371833	4853.3	1.4	78.6
1381371834	4852	1.5	71.6
1381371835	4851.4	1.5	75.2
1381371836	4860.8	1.4	83.9
1381371837	4870.1	1.4	89.7
1381371838	4868.9	1.3	83.6
1381371839	4855.1	1.5	79.7
1381371840	4859.8	1.4	79.3
1381371841	4850	1.6	79.6
1381371842	4857.7	1.4	79.5
1381371843	4861.6	1.5	78
1381371844	4852.3	1.3	77
1381371845	4852.2	1.4	77.4
1381371846	4853.8	1.5	77.4
1381371847	4849	1.4	77.1
1381371848	4851.8	1.5	77.1
1381371849	4854.1	1.5	77.5
1381371850	4851.9	1.5	77.6
1381371851	4865.3	1.4	78
1381371852	4851.2	1.5	77.3
1381371853	4854.3	1.4	77.1
1381371854	4853.5	1.5	76.8
1381371855	4834.8	1.4	54.6
1381371856	4829.1	1.5	55.6
1381371857	4840.7	1.4	59.5
1381371858	4838.4	1.4	62.3
1381371859	4840	1.4	64.1
1381371860	4843.7	1.4	64.9
1381371861	4841.3	1.3	64.5
1381371862	4847.3	1.4	64.6
1381371863	4845.9	1.5	64.9
1381371864	4845.9	1.4	64.3
1381371865	4843.7	1.4	64.2
1381371866	4845.6	1.5	64.8
1381371867	4838.5	1.5	64.3
1381371868	4837.9	1.5	64.1
1381371869	4844.1	1.4	64.8
1381371870	4837.8	1.5	64.4
1381371871	4849.6	1.3	64.2
1381371872	4854.6	1.4	64.6
1381371873	4852.9	1.4	64.5
1381371874	4859.6	1.4	81.8
1381371875	4958.8	1.3	178.7
1381371876	5041.2	1.3	263.3
1381371877	5132.8	1.3	346.2
1381371878	5128.6	1.3	349.6
1381371879	5089.7	1.3	310.6
1381371880	5075.7	1.4	290.5
1381371881	5048	1.3	266.3
1381371882	5019.3	1.3	235.5
1381371883	4999.4	1.3	217.9
1381371884	4974.1	1.4	189.2
1381371885	4957.9	1.3	174.4
1381371886	4944	1.4	156.1
1381371887	4926.7	1.4	140.8
1381371888	4902.4	1.4	130.6
1381371889	4897.3	1.3	123.6
1381371890	4884.4	1.4	113.8
1381371891	4885.9	1.4	109.4
1381371892	4888.2	1.4	106.3
1381371893	4885	1.3	102.7
1381371894	4873.9	1.4	99.5
1381371895	4931.3	1.4	154
1381371896	4961.9	1.4	188.2
1381371897	4940.8	1.5	159.5
1381371898	4917.9	1.4	139.4
1381371899	4898.9	1.4	123.9
1381371900	4876.9	1.4	102.7
1381371901	4827.6	1.5	49.1
1381371902	4801.3	1.5	49.2
1381371903	4799.9	1.5	49
1381371904	4813	1.5	49.1
1381371905	4831.2	1.4	48.8
1381371906	4772	1.5	23
1381371907	4781.4	1.4	21.2
1381371908	4775	1.4	24.7
1381371909	4824.5	1.6	75.3
1381371910	4816.3	1.4	65.7
1381371911	4814.3	1.5	65.6
1381371912	4816.2	1.5	66.2
1381371913	4822.4	1.5	65.6
1381371914	4815	1.5	64.7
1381371915	4809.6	1.5	64.9
1381371916	4816.3	1.4	65.7
1381371917	4821.1	1.5	65.5
1381371918	4805.7	1.5	64.3
1381371919	4814.7	1.6	64.7
1381371920	4817.3	1.5	65.7
1381371921	4884.8	1.4	140.1
1381371922	4975.2	1.4	228
1381371923	5024.5	1.3	276.4
1381371924	4987.5	1.4	237.3
1381371925	4977	1.4	231.8
1381371926	4989.5	1.4	243.8
1381371927	4978.6	1.4	228.3
1381371928	4957.7	1.4	210
1381371929	4937	1.6	191.9
1381371930	4914.1	1.4	170.4
1381371931	4900.2	1.4	158.7
1381371932	4892	1.5	147.6
1381371933	4889.1	1.5	139.3
1381371934	7449.1	0.1	130.4
1381371935	12288.3	2.5	122.6
1381371936	4877.2	1.3	130
1381371937	4875.9	1.5	129.5
1381371938	4895.1	1.5	128
1381371939	4943.9	1.5	130
1381371940	4949.5	1.5	134
1381371941	4945.9	1.5	132.7
1381371942	4939.4	1.5	134.6
1381371943	4940.8	1.6	134.8
1381371944	4903.7	1.4	134
1381371945	4888.8	1.4	134.4
1381371946	4891.1	1.4	138.8
1381371947	4910.5	1.5	158.9
1381371948	4917.6	1.4	168.1
1381371949	4923	1.4	176.2
1381371950	4933	1.5	182.7
1381371951	4933.9	1.5	186.1
1381371952	4946.1	1.5	190.2
1381371953	4952.5	1.4	199.3
1381371954	4951.4	1.4	199.5
1381371955	4949.8	1.4	196.4
1381371956	4946.8	1.4	196.4
1381371957	4954.5	1.4	208.2
1381371958	4944	1.5	199.7
1381371959	4951.7	1.5	204.3
1381371960	4947.8	1.6	202.8
1381371961	4945.8	1.4	200.6
1381371962	4946.5	1.4	201.5
1381371963	4953.9	1.4	201.5
1381371964	4948.6	1.5	202.8
1381371965	4954.5	1.5	206.9
1381371966	4945.3	1.4	203.4
1381371967	4950.6	1.4	205.9
1381371968	4958.6	1.4	210.9
1381371969	4962.6	1.4	214.6
1381371970	4963.9	1.4	217.7
1381371971	4960.9	1.4	214.9
1381371972	4957.3	1.4	206.6
1381371973	4958.2	1.4	210.1
1381371974	4955.5	1.5	201.2
1381371975	4938.7	1.4	193.9
1381371976	4963.6	1.5	205.5
1381371977	4963.5	1.3	213.8
1381371978	4972	1.4	217.7
1381371979	4974.2	1.5	216.3
1381371980	4990.9	1.3	228.4
1381371981	4986.4	1.4	236.9
1381371982	4987.5	1.3	239.1
1381371983	4996.1	1.4	240.1
1381371984	4991.1	1.4	244.6
1381371985	4996.1	1.3	247.7
1381371986	4998.8	1.5	248.6
1381371987	5002.5	1.3	256.9
1381371988	5006.5	1.4	261.1
1381371989	5007.3	1.4	261.2
1381371990	5016.9	1.4	272.3
1381371991	5013.3	1.5	270
1381371992	4813	1.5	269.2
1381371993	4061.3	1.9	274.6
1381371994	4074.1	1.9	282
1381371995	4068	2	283.3
1381371996	4069.2	1.9	284.1
1381371997	4084.7	1.9	288.3
1381371998	4076.1	2	287.6
1381371999	4086	2	295.5
1381372000	4077.5	1.9	298.8
1381372001	4083.5	2	299.1
1381372002	4085.3	1.9	302.7
1381372003	4088.3	1.9	304.9
1381372004	4099.3	1.9	309.6
1381372005	4094.3	1.9	308.7
1381372006	4099.6	2	312.1
1381372007	4094.1	2	315
1381372008	4100.3	1.9	317.6
1381372009	4103.8	2	324.6
1381372010	4107.4	1.9	321.7
1381372011	4112.1	1.9	330.3
1381372012	4113.1	2	330.7
1381372013	4114.7	1.9	332.1
1381372014	4125.3	1.8	346.5
1381372015	4130	1.9	347.5
1381372016	4129.7	2	346.3
1381372017	4124.2	1.9	347.8
1381372018	4138.4	1.8	344.8
1381372019	4147.2	1.9	352.1
1381372020	4134.5	1.9	353.2
1381372021	4144.4	2	358.9
1381372022	4141.1	2	359.4
1381372023	4136.7	1.8	357.2
1381372024	4147	1.9	366.2
1381372025	4144.6	1.9	364.8
1381372026	4150.3	1.9	367.5
1381372027	4143.6	1.9	368.7
1381372028	4157.8	1.9	379.5
1381372029	4154.7	2	375.5
1381372030	4157.4	1.8	375.8
1381372031	4155.4	1.9	375.7
1381372032	4147.6	2	367.8
1381372033	4153.9	1.8	373.4
1381372034	4149.1	1.9	368
1381372035	4153.1	1.9	373.3
1381372036	4150.7	2	369
1381372037	4151.9	1.9	368.9
1381372038	4144.2	2	368.9
1381372039	4164.2	1.8	366.1
1381372040	4148.9	1.9	357.4
1381372041	4129.8	2	349.4
1381372042	4136.1	1.9	353.1
1381372043	4136.3	1.9	350.6
1381372044	4136.4	1.9	360.5
1381372045	4142.2	1.9	367.5
1381372046	4143.3	1.9	365.7
1381372047	4144.9	1.8	366.6
1381372048	4143.8	1.9	364.5
1381372049	4145.9	1.9	369.5
1381372050	4149.8	1.9	367.3
1381372051	4108.8	1.9	328.1
1381372052	4120.3	1.9	328.7
1381372053	4118.5	1.8	327.6
1381372054	4124.6	1.9	331.3
1381372055	4110.2	1.9	327.7
1381372056	4111.7	1.8	324.3
1381372057	4106.5	1.9	322
1381372058	4109.3	1.9	325.8
1381372059	4108.7	1.9	321.2
1381372060	4115.7	1.8	321.3
1381372061	4108	1.8	321.7
1381372062	14159	3.3	317.9
1381372063	4333.5	1.6	320.1
1381372064	4102.5	1.9	321.4
1381372065	4107.6	1.8	321.8
1381372066	4152.7	1.9	376
1381372067	4143.3	1.9	360.8
1381372068	4143	1.8	359.9
1381372069	4137.9	2	361
1381372070	4143.6	1.8	362.3
1381372071	4139.3	1.9	358.9
1381372072	4139.5	1.9	358.7
1381372073	4144.1	2	361.4
1381372074	4141.9	1.9	361.2
1381372075	4138.8	1.9	359.5
1381372076	4138.2	1.9	357.8
1381372077	4134.7	2	357.3
1381372078	4135.6	1.9	357.3
1381372079	4140	1.9	359.3
1381372080	4140.7	1.8	358.8
1381372081	4115.9	1.9	319.3
1381372082	4103.7	1.8	320.7
1381372083	4103.3	1.9	318.9
1381372084	4096.9	1.9	319.7
1381372085	4102.5	1.8	318.2
1381372086	4106	1.8	321
1381372087	4099.4	1.8	319.7
1381372088	4104.6	1.9	319.8
1381372089	4099.6	1.8	317.6
1381372090	4098.3	1.9	317
1381372091	4103.4	1.8	324.9
1381372092	4103.9	1.8	322.5
1381372093	4104	1.9	322
1381372094	4109.7	1.9	326.2
1381372095	4109.1	1.7	325.1
1381372096	4161	2	380.9
1381372097	4144.7	1.9	363.1
1381372098	4142.5	1.9	362
1381372099	4145	1.9	359.8
1381372100	4147.3	1.9	360.6
1381372101	4150.9	1.9	362.8
1381372102	4153.8	1.8	359.5
1381372103	4143.5	1.9	360.4
1381372104	4136.5	2	357.4
1381372105	4142.9	1.9	361.2
1381372106	4145.8	2	361.5
1381372107	4144	2	358.5
1381372108	4145.4	2	365.5
1381372109	4145.9	2	357.8
1381372110	4142.6	1.9	357
1381372111	4111.3	2	318.1
1381372112	4110	2	323.1
1381372113	4108.1	1.9	321.7
1381372114	4100.7	1.9	322.3
1381372115	4100.9	1.9	319.6
1381372116	4108.8	1.8	321.7
1381372117	4093.1	1.8	318.8
1381372118	4099.6	1.9	320.5
1381372119	4094.7	1.8	318.7
1381372120	4097.2	1.7	319.5
1381372121	4099.1	1.7	319.5
1381372122	4104.4	1.9	317.3
1381372123	4111.2	1.8	320.3
1381372124	4098.9	1.8	320.6
1381372125	4104.8	2	324.3
1381372126	4142.9	1.8	365.6
1381372127	4133.5	2	353.8
1381372128	4121.4	1.9	351.2
1381372129	4137.5	1.8	358.8
1381372130	4136.1	1.9	354.9
1381372131	4135.5	1.9	349.3
1381372132	4137.1	1.7	363.3
1381372133	4141.1	2	357.1
1381372134	4141.2	1.8	358.2
1381372135	4133.7	1.8	354.3
1381372136	4133.6	1.9	353.8
1381372137	4134.3	2.1	357.3
1381372138	4134.3	1.9	356.9
1381372139	4135.1	1.7	353.6
1381372140	4135.2	2	352.6
1381372141	4095.7	1.9	316.2
1381372142	4096.8	1.9	317.1
1381372143	4108.5	1.8	316.2
1381372144	4105	1.8	316.9
1381372145	4104.4	1.8	320.8
1381372146	4103.1	2	314.9
1381372147	4115.5	1.9	322.9
1381372148	4095.8	1.8	315.7
1381372149	4098.7	1.9	318.2
1381372150	4093.8	1.8	320.1
1381372151	4099.8	1.8	317.6
1381372152	4093.1	1.9	317.5
1381372153	4096.4	1.9	317.4
1381372154	4094.4	1.9	317.7
1381372155	4091.6	1.9	317.2
1381372156	4143.1	1.8	365.1
1381372157	4133.5	1.9	359.8
1381372158	4131.8	2	356.5
1381372159	4132.3	1.9	361.3
1381372160	4131.4	1.8	355.2
1381372161	4131.8	1.9	357.4
1381372162	4139.7	1.9	357.5
1381372163	4132.3	1.7	355.5
1381372164	4138.3	1.8	354.5
1381372165	4142.3	1.8	355
1381372166	4141.8	1.9	356.7
1381372167	4136.2	2	356.8
1381372168	4132.9	1.8	356.6
1381372169	4133.2	1.9	355.5
1381372170	4131.7	1.9	354.4
1381372171	4099.4	1.9	316.3
1381372172	4099.4	1.8	317.5
1381372173	4102.7	1.8	315.3
1381372174	4098.9	1.7	316.9
1381372175	4099.2	1.7	315.7
1381372176	4097.3	1.8	317
1381372177	4101.8	1.9	319.6
1381372178	4099.6	1.9	317.3
1381372179	4098.4	1.8	317.6
1381372180	4099.4	1.9	317.2
1381372181	4097.9	1.8	316.2
1381372182	4099	1.8	315.2
1381372183	4095.4	1.8	316.1
1381372184	4098.8	1.9	317.6
1381372185	4113.2	1.7	323.2
1381372186	4150	2	363.1
1381372187	4139.5	1.9	360.2
1381372188	4131.2	2	358.4
1381372189	4135	1.8	357.4
1381372190	4128.7	1.9	356.2
1381372191	4129.1	1.9	354
1381372192	4128	1.9	353.2
1381372193	4138.9	2.1	358
1381372194	4130.4	1.9	353.5
1381372195	4142.1	1.9	356.6
1381372196	4137.8	1.9	355.3
1381372197	6329.3	0.8	351.8
1381372198	11784.4	2.1	353.9
1381372199	4137.7	2	354.8
1381372200	4132.6	2	352.9
1381372201	4091	1.8	315.3
1381372202	4095.2	2	315.5
1381372203	4094.7	1.8	315.4
1381372204	4098	1.8	316.8
1381372205	4098.8	1.8	318.1
1381372206	4103.9	1.9	314.6
1381372207	4099.3	2	318.3
1381372208	4095.8	1.8	314.3
1381372209	4094.5	2	317.2
1381372210	4097.9	1.8	317.4
1381372211	4101.9	1.9	318.9
1381372212	4106.2	1.9	318.2
1381372213	4016.7	2.2	318.7
1381372214	3940.1	2.1	316.3
1381372215	3964.1	2.1	314.6
1381372216	4012.7	2.2	375.6
1381372217	3978.8	2.2	361.1
1381372218	3970.9	2	357.6
1381372219	3973.3	1.9	357.4
1381372220	3963.4	2	350.1
1381372221	3977.6	2	356.5
1381372222	3977.9	2	355.2
1381372223	3973.4	2	355.8
1381372224	3970.7	2.1	352.7
1381372225	3967.3	2	354.8
1381372226	3970.5	2	353.7
1381372227	3978.1	2	355.7
1381372228	3972.3	2.1	355.8
1381372229	3970.2	2	351.7
1381372230	3964	2.1	352.4
1381372231	3935	2.1	322.1
1381372232	3932.6	2	316.3
1381372233	3938.4	2.1	319
1381372234	3928.2	2.2	315.3
1381372235	3937.7	2	322.5
1381372236	3924.2	1.9	312.8
1381372237	3933.9	2.1	319.7
1381372238	3929.8	2.1	317.5
1381372239	3931.5	2	318.7
1381372240	3938.1	2	320.6
1381372241	3932.5	2	316.4
1381372242	3930.8	2	316.9
1381372243	3933	2	317.9
1381372244	3932.8	2.1	316.7
1381372245	3932.8	2	319
1381372246	3989.5	2.1	369.5
1381372247	3972	2	358.2
1381372248	3990.7	2.1	361
1381372249	3972.7	2	361.5
1381372250	3976.5	2	364
1381372251	3977.6	2.1	369.1
1381372252	3980.3	2.1	368.9
1381372253	3987.2	2.2	373.5
1381372254	3992.7	2	379
1381372255	3992.6	2.1	380
1381372256	3993.6	2	388
1381372257	3994	2	385.6
1381372258	3994	2.2	386.4
1381372259	4008	2.1	397.2
1381372260	3995.1	2.2	387.6
1381372261	3972.3	2.1	360.2
1381372262	3975.7	2.1	364.3
1381372263	3984.2	2	368
1381372264	3976	2	365.8
1381372265	3992.5	1.9	380.2
1381372266	3993.9	2	381.1
1381372267	3994.6	2.1	383.4
1381372268	4002.4	2	384.4
1381372269	4014.1	1.9	384.8
1381372270	4001.7	2.1	388.5
1381372271	3998.6	2.1	388.2
1381372272	4008.3	2	392.4
1381372273	4000.9	1.9	385
1381372274	4004	2.1	389.7
1381372275	4011.3	2	395.8
1381372276	4060.4	2.1	450.3
1381372277	4053.1	2	440.9
1381372278	4055.7	2.1	443.6
1381372279	4059.8	2	446.7
1381372280	4061.9	2	449.1
1381372281	4060.2	2	450.9
1381372282	4065.5	1.9	451.7
1381372283	4055.4	1.8	452.2
1381372284	4047.1	1.9	448
1381372285	4042.9	1.9	449
1381372286	4049.5	2	449
1381372287	4046.5	2	447.5
1381372288	4046.7	2.1	446.7
1381372289	4047.1	2	447
1381372290	4058.9	2	444.5
1381372291	4014.8	2	409.4
1381372292	4021.5	1.9	412.1
1381372293	4022.4	1.9	410.6
1381372294	4013.5	2	408.8
1381372295	4009.7	2.1	410.9
1381372296	4011.1	2	414
1381372297	4004.8	1.9	408.9
1381372298	4010.7	1.9	410.8
1381372299	3999.7	2	409.2
1381372300	4007.6	2	404.5
1381372301	3997.3	1.9	403.9
1381372302	4002.7	2.1	404.7
1381372303	4009.1	2.1	411.7
1381372304	4001.9	1.9	404.4
1381372305	4010.3	2	414.6
1381372306	4046.4	2.1	453.8
1381372307	4050.8	2	453.9
1381372308	4044.6	2	447.8
1381372309	4043.3	2	443.3
1381372310	4043.6	2.1	444.4
1381372311	4060.2	2	445.7
1381372312	4043	2	444.5
1381372313	4042.4	2.1	442.9
1381372314	4040.8	2	444.2
1381372315	4041.8	2.1	445.1
1381372316	4043.5	2.2	446
1381372317	4033.8	2	442.4
1381372318	4041.4	2	443.7
1381372319	4036.1	2	442.4
1381372320	4040.7	2.2	443.8
1381372321	3998.7	1.9	404.6
1381372322	4001.1	2	404.2
1381372323	4009.7	1.9	405.3
1381372324	4002.5	2	404.1
1381372325	4006.4	2	406.8
1381372326	8871.2	0.6	399.2
1381372327	9108.4	0.7	406.7
1381372328	4002.4	1.9	405
1381372329	4003.4	1.9	405.2
1381372330	3997	2.1	404.6
1381372331	4001	2	402.1
1381372332	4011.7	1.9	407.8
1381372333	4002.9	2	404
1381372334	3999.6	1.9	405.3
1381372335	4009.8	2.1	413
1381372336	4049.3	2	460.5
1381372337	4039.8	2	446
1381372338	4043.1	2.1	447.7
1381372339	4035.5	2	446.1
1381372340	4044.2	1.9	449.3
1381372341	4033.1	2	442.4
1381372342	4044.6	2	446.7
1381372343	4048	2	447.4
1381372344	4045.5	2	447.5
1381372345	4037.1	2	440.9
1381372346	4038.4	2	446.6
1381372347	4034.2	2	443.5
1381372348	4038.6	2	445.2
1381372349	4028	2.1	439.3
1381372350	4035.3	2.1	442.8
1381372351	4002.4	2	409.8
1381372352	4005.9	2.1	407.3
1381372353	4015.5	2.1	407.3
1381372354	3996.4	2	406.1
1381372355	4008.5	1.9	408.1
1381372356	3999.2	2	405.8
1381372357	3998.4	2	406.1
1381372358	4002.4	2	405.5
1381372359	4000.9	1.9	406.9
1381372360	3999.3	2	404.7
1381372361	3999.4	2	404.3
1381372362	4005.7	2	407.5
1381372363	4012.8	2	407.3
1381372364	4010.5	2	406.2
1381372365	4005.2	2	410.1
1381372366	4055.7	2	458.8
1381372367	4032.3	2.1	444.6
1381372368	4044.1	2	449.4
1381372369	4032.6	2	443.5
1381372370	4036.3	2.1	445.2
1381372371	4034.7	2.1	445.5
1381372372	4039.9	2	446.1
1381372373	4049.5	2	445.9
1381372374	4041.3	1.9	446.8
1381372375	4040.6	2	450.6
1381372376	4039.2	2	450
1381372377	4041.1	2.1	450.7
1381372378	4041.3	2	450.8
1381372379	4046.7	2	450.1
1381372380	4039.8	2	448.6
1381372381	4005.5	1.9	410.2
1381372382	4006.8	2	410.1
1381372383	4015.6	2	405.6
1381372384	4003.9	1.9	409
1381372385	4006.6	1.9	410.1
1381372386	4005.5	2	407.7
1381372387	3998.2	2	404.4
1381372388	4004.3	1.9	408.3
1381372389	3998.7	2	407.5
1381372390	4001.8	2	404.3
1381372391	4004.9	1.9	405.3
1381372392	4006.2	1.8	408.3
1381372393	4003.2	2	407.6
1381372394	4017.4	1.9	406
1381372395	4002.9	2	396.7
1381372396	3665.1	2.2	58.1
1381372397	3656.9	2.2	50.8
1381372398	3648.3	2.3	50.9
1381372399	3658.1	2.1	50.6
1381372400	3654.4	2.1	50.8
1381372401	3648.3	2.1	50.3
1381372402	3649	2.1	49.6
1381372403	3644.3	2.3	49
1381372404	3633.1	2.3	30.7
1381372405	3609.9	2.2	9.4
1381372406	3613.3	2.1	9.3
1381372407	3609.6	2.2	9.3
1381372408	3608.3	2.1	9.4
1381372409	3614.2	2.2	9.3
1381372410	3612.6	2.1	9.4
1381372411	3620.1	2.1	9.3
1381372412	3608.7	2.2	9.5
1381372413	3618.9	2.1	9.3
1381372414	3615.2	2.2	9.3
1381372415	3623.2	2.2	9.4
1381372416	3614.3	2.2	9.2
1381372417	3604.6	2.2	9.2
1381372418	3607.9	2.1	9.3
1381372419	3610.3	2.1	9.4
1381372420	3613	2.2	9.3
1381372421	3612.5	2.3	9.2
1381372422	3612.3	2.2	9.1
1381372423	3617.8	2.1	9.2
1381372424	3626.3	2.1	9.3
1381372425	3619.4	2.2	9.3
1381372426	3614.1	2.1	9.2
1381372427	3613.5	2.2	9.3
1381372428	3609.5	2.1	9.3
1381372429	3650	2.2	48.3
1381372430	3623.4	2.2	20.4
1381372431	3630.1	2.2	27.8
1381372432	3635.4	2.1	29.2
1381372433	3635.6	2.1	29.5
1381372434	3630.6	2.2	27.2
1381372435	3628.9	2.2	28.8
1381372436	3641.7	2.1	27.9
1381372437	3622.6	2.2	10.3
1381372438	3615.2	2.2	9.3
1381372439	3618.1	2.1	9.3
1381372440	3609.9	2.1	9.3
1381372441	3606.9	2.1	9.4
1381372442	3613.3	2.1	9.1
1381372443	3613	2.2	9.2
1381372444	3614.4	2.1	9.3
1381372445	3647.7	2.1	49.8
1381372446	3629.2	2.2	26.2
1381372447	3637.4	2.1	26.4
1381372448	3630.1	2.1	28.7
1381372449	3629.5	2.2	27.8
1381372450	3630.2	2.1	28.1
1381372451	3634.6	2.1	27.3
1381372452	9445.9	0.9	22.8
1381372453	7870.6	0.1	8.4
1381372454	3612	2.2	9.2
1381372455	3609.5	2.3	9.2
1381372456	3609.1	2.2	9.3
1381372457	3620.5	2.1	9.3
1381372458	3610.9	2.2	9.3
1381372459	3612.9	2.1	9.4
1381372460	3619	2.2	11.5
1381372461	3655.5	2.2	52.7
1381372462	3634.4	2.2	29
1381372463	3633	2.3	27.6
1381372464	3632.6	2.3	28.9
1381372465	3625.6	2.2	27.5
1381372466	3633.3	2.1	29.2
1381372467	3631	2.2	27.8
1381372468	3630.6	2.2	20.7
1381372469	3608.5	2.2	9.3
1381372470	3614.3	2.2	9.4
1381372471	3605.5	2.2	9.2
1381372472	3609.3	2.1	9.3
1381372473	3608	2.2	9.3
1381372474	3613.3	2.2	9.2
1381372475	3604	2.2	9.2
1381372476	3622.9	2.1	24.2
1381372477	3646.7	2.2	40.8
1381372478	3641.3	2.1	29.6
1381372479	3623.1	2.2	27.3
1381372480	3620.5	2.1	25.7
1381372481	3606.9	2.1	8.9
1381372482	3608.1	2.2	9.1
1381372483	3605.4	2.2	9.1
1381372484	3608.8	2.1	9.1
1381372485	3616	2.2	18.2
1381372486	3608	2.2	9.9
1381372487	3610.8	2.2	9.8
1381372488	3605.3	2.2	9.7
1381372489	3606.5	2.1	9.8
1381372490	3609.9	2.1	9.7
1381372491	3609.2	2.1	9.8
1381372492	3612.8	2.1	9.7
1381372493	3616.9	2.3	9.8
1381372494	3618	2.2	9.8
1381372495	3612.4	2.2	9.8
1381372496	3611.3	2.2	8.1
1381372497	3605.7	2.2	7
1381372498	3604.4	2.1	6.5
1381372499	3621.4	2.2	5.9
1381372500	3605.5	2.1	5.9
1381372501	3608.4	2.2	5.9
1381372502	3603.6	2.2	6
1381372503	3606.5	2.2	5.8
1381372504	3602.4	2.1	5.8
1381372505	3628.3	2.1	5.9
1381372506	3623.9	2.2	5.8
1381372507	3608.8	2.2	5.9
1381372508	3602.8	2.2	5.8
1381372509	3604.6	2.1	5.8
1381372510	3603.3	2.2	5.9
1381372511	3486.7	2.3	5.8
1381372512	3456.6	2.1	5.7
1381372513	3450.3	2.1	5.7
1381372514	3460.8	1.9	5.8
1381372515	3456	2.2	5.7
1381372516	3454.6	2.1	5.8
1381372517	3456.5	2.1	5.7
1381372518	3460.2	2.1	5.8
1381372519	3460.1	2	5.8
1381372520	3464.3	2	5.7
1381372521	3455.6	2.1	5.9
1381372522	3455.2	2.1	5.8
1381372523	3455.7	2.1	5.8
1381372524	3461.1	2.2	5.7
1381372525	3457.6	2.2	5.8
1381372526	3461.5	2	5.8
1381372527	3456.3	2.1	5.8
1381372528	3459.1	2	5.8
1381372529	3458.8	2	5.7
1381372530	3460.7	2.1	5.6
1381372531	3453.2	2.1	5.7
1381372532	3455.9	2	5.7
1381372533	3461.9	2.1	5.6
1381372534	3461.3	2	6
1381372535	3457.2	2.2	6
1381372536	3454.3	2.2	5.9
1381372537	3463.8	2	5.8
1381372538	3456.4	2.1	5.7
1381372539	3467.1	2	5.9
1381372540	3469.1	2	5.6
1381372541	3465.8	2.1	5.7
1381372542	3462.9	2.2	5.7
1381372543	3454	2.1	5.7
1381372544	3461.5	1.8	5.7
1381372545	3458.6	2	5.7
1381372546	3466.3	2	5.7
1381372547	3465.6	2.1	5.8
1381372548	3466.8	2.1	5.9
1381372549	3458.9	2.1	5.6
1381372550	3460.2	2.3	5.9
1381372551	3459.6	1.8	5.9
1381372552	3458.2	1.9	5.9
1381372553	3455	2.1	5.7
1381372554	3459.1	2	5.7
1381372555	3459.8	2.1	5.7
1381372556	3456.1	2.1	5.9
1381372557	3453.5	2.1	5.8
1381372558	3451.4	1.8	5.5
1381372559	3453	2.1	5.9
1381372560	3456.7	2.1	5.7
1381372561	3455.7	2.3	5.6
1381372562	3464	2.1	5.8
1381372563	3453.1	2	5.8
1381372564	3457.7	2.2	5.7
1381372565	3449.5	2.2	5.7
1381372566	3452.5	1.9	5.5
1381372567	3457.1	2.1	5.9
1381372568	3456	2.2	5.8
1381372569	3450.9	2.1	5.8
1381372570	3450.9	2.2	5.8
1381372571	3453.7	2	5.6
1381372572	3453.1	2.2	5.8
1381372573	3453.2	1.9	5.9
1381372574	3452.9	2.1	5.9
1381372575	3460.5	2.1	5.7
1381372576	3470.3	1.9	5.9
1381372577	3477.6	2.2	5.6
1381372578	3472.6	2	5.7
1381372579	3485.5	2.1	5.8
1381372580	3482.7	2.1	5.7
1381372581	3481	2	5.8
1381372582	3486.9	2	5.7
1381372583	11893.7	2.4	2.3
1381372584	5045.5	1.2	5.6
1381372585	3477.4	2	5.8
1381372586	3476.6	2	5.8
1381372587	3474.9	2	5.7
1381372588	3484.1	2.1	5.7
1381372589	3485.3	2.1	5.8
1381372590	3485	2.1	5.5
1381372591	3482.4	2	6
1381372592	3485.7	2	5.6
1381372593	3483.1	2.2	5.8
1381372594	3483.3	2.1	5.7
1381372595	3478.5	2	5.7
1381372596	3479.4	2	5.7
1381372597	3486	2	5.7
1381372598	3483.7	1.9	5.7
1381372599	3484.4	2.1	5.7
1381372600	3484.1	2	5.7
1381372601	3492.3	2.1	5.7
1381372602	3492	2.1	5.7
1381372603	3499.9	2	5.8
1381372604	3520.4	2	5.7
1381372605	3559	2	5.8
1381372606	3564.5	2.1	5.8
1381372607	3559.1	2.1	5.8
1381372608	3552	2	5.7
1381372609	3555.9	2.1	5.9
1381372610	3527.4	2	5.8
1381372611	3493.3	2	5.7
1381372612	3501.8	2.1	5.6
1381372613	3498.7	2.1	5.7
1381372614	3505.5	1.9	5.7
1381372615	3499.7	2	5.7
1381372616	3504.2	2	5.6
1381372617	3501.6	2	5.7
1381372618	3508.8	2	5.7
1381372619	3505.9	2	5.7
1381372620	3509.6	2.1	5.7
1381372621	3512.7	2.1	5.7
1381372622	3515.4	2	5.7
1381372623	3513.7	2	5.8
1381372624	3521.8	2	5.6
1381372625	3518.9	2	5.7
1381372626	3512.6	2.1	5.6
1381372627	3514.4	2	5.7
1381372628	3521.5	1.9	5.6
1381372629	3520.2	2	5.7
1381372630	3519.4	1.9	5.6
1381372631	3519.2	1.9	5.7
1381372632	3514.5	2	5.7
1381372633	3518.2	2.1	5.7
1381372634	3519	2	5.7
1381372635	3522.2	2	5.8
1381372636	3519.5	2.1	5.7
1381372637	3521.5	1.9	5.7
1381372638	3519.5	2.1	5.6
1381372639	3519.1	2	5.7
1381372640	3518.8	2	5.7
1381372641	3528.4	2	5.6
1381372642	3525.2	2	5.7
1381372643	3530.6	2	5.6
1381372644	3527.8	2	5.8
1381372645	3534.5	1.9	5.6
1381372646	3528.8	2	5.7
1381372647	3514.6	2	5.7
1381372648	3525.6	2.1	5.7
1381372649	3527.1	2	5.5
1381372650	3521.6	1.9	5.7
1381372651	3521.5	2	5.6
1381372652	3522.2	2	5.6
1381372653	3537.2	1.9	5.7
1381372654	3573.7	1.9	5.6
1381372655	3570.4	1.9	5.7
1381372656	3518.4	2	5.7
1381372657	3524	2.1	5.7
1381372658	3525.2	2	5.7
1381372659	3523.5	2	5.6
1381372660	3521.2	2	5.7
1381372661	3521.5	2	5.6
1381372662	3520.8	1.9	5.7
1381372663	3522.6	1.9	5.7
1381372664	3523.9	2	5.6
1381372665	3528.3	2	5.6
1381372666	3549.3	2	5.7
1381372667	3538.4	2.1	5.6
1381372668	3529.2	2	5.6
1381372669	3530.7	1.9	5.8
1381372670	3534.2	2.1	5.7
1381372671	3523.1	1.8	5.8
1381372672	3526.6	2.2	5.7
1381372673	3531.1	2.1	5.6
1381372674	3531	1.9	5.6
1381372675	3538.6	2	5.6
1381372676	3521.9	1.8	5.7
1381372677	3521.3	2	5.7
1381372678	3519.1	1.8	5.8
1381372679	3518.6	1.9	5.7
1381372680	3510.3	2	5.7
1381372681	3510.6	2	5.7
1381372682	3511.2	2	5.7
1381372683	3514.4	2	5.7
1381372684	3509.9	1.8	5.8
1381372685	3519.1	2	5.8
1381372686	3517	2	5.6
1381372687	3531.6	1.9	5.7
1381372688	3524.4	1.9	5.7
1381372689	3516.6	1.8	5.6
1381372690	3517.7	2	5.6
1381372691	3507	1.9	5.7
1381372692	3516	1.9	5.5
1381372693	3508.1	1.9	5.6
1381372694	3516.9	1.9	5.5
1381372695	3512.3	2	5.7
1381372696	3514.9	2	5.8
1381372697	3509.4	2	5.6
1381372698	3511.7	1.9	5.6
1381372699	3524.3	2	5.6
1381372700	3533.8	2	5.5
1381372701	3541.7	1.8	5.8
1381372702	3533.2	2	5.6
1381372703	3523.9	2.1	5.7
1381372704	3515.8	2	5.7
1381372705	3518.2	2	5.6
1381372706	3527.6	2	5.7
1381372707	3518.8	2	5.7
1381372708	3528.1	2	5.6
1381372709	3525	2	5.7
1381372710	3519.4	1.9	5.7
1381372711	3523.6	2	5.6
1381372712	13394	3.3	1.7
1381372713	3854.7	1.8	6
1381372714	3515.2	2.1	5.7
1381372715	3520.4	1.9	5.7
1381372716	3521.9	2	5.6
1381372717	3513.6	2	5.7
1381372718	3523.7	2	5.7
1381372719	3521.7	2	5.7
1381372720	3531.2	1.9	5.7
1381372721	3532.1	2.1	5.7
1381372722	3523.3	1.9	5.8
1381372723	3526.9	2	5.7
1381372724	3521.6	2	5.7
1381372725	3521.3	1.9	5.6
1381372726	3513.1	2	5.6
1381372727	3517.5	2	5.7
1381372728	3516.3	1.9	5.7
1381372729	3526.1	2	5.6
1381372730	3507.9	1.9	5.7
1381372731	3514.2	2	5.8
1381372732	3512.6	2	5.7
1381372733	3518.4	2	5.6
1381372734	3517.5	2.1	5.6
1381372735	3510	2	5
1381372736	3511.8	2	0.8
1381372737	3513.7	2	0.7
1381372738	3506.1	1.9	0.8
1381372739	3511.9	1.9	0.8
1381372740	3533.9	1.9	0.8
1381372741	3508.4	2	0.7
1381372742	3517.5	2.1	0.8
1381372743	3507.6	2	0.8
1381372744	3509.5	2	0.8
1381372745	3505.5	1.9	0.5
1381372746	3511.9	2	0.7
1381372747	3517.6	1.9	0.8
1381372748	3511.6	1.8	0.9
1381372749	3516	2	0.8
1381372750	3521.1	1.9	0.7
1381372751	3518.2	1.9	0.8
1381372752	3514.9	1.9	0.9
1381372753	3514.1	1.9	0.8
1381372754	3503.9	1.9	0.8
1381372755	3520	1.8	0.7
1381372756	3508.7	2	0.7
1381372757	3518.3	1.9	0.6
1381372758	3508.4	2	0.8
1381372759	3513.6	1.9	0.9
1381372760	3515.5	2	0.7
1381372761	3520.8	1.9	0.8
1381372762	3511.8	2	0.7
1381372763	3507.2	1.9	0.8
1381372764	3510.5	2	0.7
1381372765	3503.5	2	0.7
1381372766	3507.5	1.9	0.8
1381372767	3502	1.9	0.7
1381372768	3502.7	2	0.9
1381372769	3505	2	0.8
1381372770	3510	2.1	0.8
1381372771	3510.3	2	0.9
1381372772	3501.3	2	0.8
1381372773	3508.5	2	0.8
1381372774	3506.4	1.9	0.8
1381372775	3517.1	1.9	0.7
1381372776	3512	1.9	0.9
1381372777	3515.7	2	0.7
1381372778	3507.7	2	0.8
1381372779	3521.3	2	0.7
1381372780	3518.5	2	0.8
1381372781	3521.2	1.9	0.8
1381372782	3519.7	2	0.7
1381372783	3515.7	2	0.8
1381372784	3512.1	2	0.8
1381372785	3513.5	1.9	0.7
1381372786	3512.7	2	0.8
1381372787	3505.5	2	0.7
1381372788	3515.8	1.9	0.8
1381372789	3527.2	2	0.7
1381372790	3526.9	2	0.7
1381372791	3512.4	1.9	0.7
1381372792	3520.7	1.9	0.7
1381372793	3504.2	1.9	0.8
1381372794	3514.6	2	0.8
1381372795	3504.5	2	0.7
1381372796	3510.8	2	0.7
1381372797	3507.2	2.1	0.8
1381372798	3508.3	2	0.8
1381372799	3519.1	2	0.7
1381372800	3513.1	1.9	0.9
1381372801	3518.4	2	0.8
1381372802	3525.6	2	0.8
1381372803	3525.4	1.9	0.7
1381372804	3513	2	0.8
1381372805	3512.2	2	0.8
1381372806	3505.9	2	0.9
1381372807	3505.6	2	0.9
1381372808	3510.6	2	0.8
1381372809	3512.3	1.9	0.9
1381372810	3513.1	2	0.7
1381372811	3512.2	2	0.8
1381372812	3523.1	2.1	0.8
1381372813	3518.1	1.9	0.8
1381372814	3512.3	2.1	0.9
1381372815	3509.4	2	0.7
1381372816	3507	2	0.9
1381372817	3511.9	2	0.9
1381372818	3511.2	2	0.7
1381372819	3517.2	1.9	0.8
1381372820	3515.3	1.9	0.7
1381372821	3514.9	2.1	0.8
1381372822	3523.7	2.1	1
1381372823	3519.3	2	0.8
1381372824	3518.1	1.9	0.9
1381372825	3513.2	2.1	0.8
1381372826	3516.8	2.1	0.9
1381372827	3512.8	1.8	0.6
1381372828	3516.8	2	0.8
1381372829	3520.3	2	0.8
1381372830	3513.6	2	0.7
1381372831	3502.6	2	0.7
1381372832	3509.2	2	0.8
1381372833	3517.9	1.9	0.8
1381372834	3526	2	0.7
1381372835	3515.4	2	0.7
1381372836	3507.6	1.9	0.8
1381372837	3509.7	2.1	0.7
1381372838	3512.7	2	0.8
1381372839	3520.9	2	0.9
1381372840	3519.3	2	0.9
1381372841	3512.8	2	0.8
1381372842	3512.3	2	0.7
1381372843	3509	2	0.8
1381372844	3511.7	1.9	0.9
1381372845	3505.8	2	0.7
1381372846	3507.4	2	0.7
1381372847	3508.7	2.1	0.9
1381372848	3507.2	1.9	0.8
1381372849	6668.6	0.2	0.5
1381372850	10323.3	1.7	1.8
1381372851	3507.5	2	0.8
1381372852	3512.1	2	0.7
1381372853	3510.3	1.9	0.8
1381372854	3515.1	2	0.8
1381372855	3511.4	2	0.7
1381372856	3508.8	2	0.8
1381372857	3506.3	2	0.8
1381372858	3503.3	2.1	0.8
1381372859	3505.6	2	0.8
1381372860	3509.3	2	0.9
1381372861	3504.2	2	0.9
1381372862	3501.9	1.9	0.8
1381372863	3509.8	1.9	0.9
1381372864	3509.8	2	0.9
1381372865	3501.8	2	0.8
1381372866	3504.4	1.9	0.9
1381372867	3500.8	2	0.7
1381372868	3505	2	0.9
1381372869	3506	1.9	0.9
1381372870	3503	2	0.9
1381372871	3505.9	2	0.7
1381372872	3508.9	2	0.8
1381372873	3509.5	2	0.8
1381372874	3507.3	2	0.8
1381372875	3515.6	2	0.8
1381372876	3507.6	1.9	0.7
1381372877	3506.9	1.9	0.8
1381372878	3501.9	1.9	0.8
1381372879	3507.4	2	0.7
1381372880	3503.7	2	0.8
1381372881	3503.3	1.9	0.7
1381372882	3505.2	2	0.6
1381372883	3502.2	2	0.8
1381372884	3502.7	2	0.7
1381372885	3502.5	2.1	0.8
1381372886	3508.2	1.9	0.7
1381372887	3501.1	2	0.8
1381372888	3503.1	2	0.7
1381372889	3506.4	2	0.8
1381372890	3509.8	1.9	0.7
1381372891	3509.7	1.9	0.8
1381372892	3503.6	1.9	0.8
1381372893	3505.2	2	0.7
1381372894	3509.3	2	0.8
1381372895	3506.2	2	0.8
1381372896	3517	2	0.8
1381372897	3508.6	1.9	0.9
1381372898	3501	1.9	0.7
1381372899	3507.1	1.9	0.8
1381372900	3505.6	2.1	0.8
1381372901	3508.4	2.1	0.9
1381372902	3507.1	1.9	0.8
1381372903	3508.8	2	0.8
1381372904	3504.8	2	0.9
1381372905	3510.6	1.9	0.7
1381372906	3507.9	2	0.8
1381372907	3503.8	2	0.8
1381372908	3510.2	2	0.8
1381372909	3508.4	1.9	0.9
1381372910	3502.4	2	0.8
1381372911	3500.7	2	0.8
1381372912	3508.5	1.9	0.7
1381372913	3514	2	0.6
1381372914	3507.9	1.9	0.9
1381372915	3503.5	2.1	0.9
1381372916	3498.3	2	0.8
1381372917	3515.9	1.9	0.8
1381372918	3504.7	2	0.7
1381372919	3506.5	2.1	0.7
1381372920	3500.6	1.9	0.8
1381372921	3510.8	1.8	0.8
1381372922	3500.5	2	0.8
1381372923	3506	2	0.9
1381372924	3501.4	1.9	0.7
1381372925	3507.9	2	0.8
1381372926	3499	1.8	0.8
1381372927	3502.7	2	0.8
1381372928	3505.4	1.9	0.8
1381372929	3502.4	2	0.8
1381372930	3504.6	2	0.7
1381372931	3496.4	2	0.8
1381372932	3505.7	2.1	0.7
1381372933	3498.7	2	0.7
1381372934	3504.9	2	0.8
1381372935	3497.9	2.1	0.9
1381372936	3507	2	0.8
1381372937	3504.3	2	0.8
1381372938	3515	2	0.8
1381372939	3496.2	2	0.8
1381372940	3508.2	1.9	0.8
1381372941	3500.4	2	0.8
1381372942	3505	2	0.8
1381372943	3509.4	1.9	0.9
1381372944	3500	2	0.8
1381372945	3501.6	2	0.9
1381372946	3499.6	2	0.8
1381372947	3506.3	2	0.8
1381372948	3496.6	2	0.7
1381372949	3506	2.1	0.8
1381372950	3504.4	2	0.8
1381372951	3518.5	1.9	0.7
1381372952	3504.2	2	0.7
1381372953	3503.4	2	0.8
1381372954	3503	2	0.8
1381372955	3499.4	1.9	0.8
1381372956	3497.5	2	0.7
1381372957	3499.8	2	0.7
1381372958	3501.4	2	0.8
1381372959	3511.6	2.1	0.9
1381372960	3512.1	2	0.7
1381372961	3504.1	1.9	0.7
1381372962	3502.2	2.1	0.7
1381372963	3493.1	2	0.8
1381372964	3496.5	2	0.9
1381372965	3500.8	2	0.8
1381372966	3499.8	2.1	0.8
1381372967	3498.5	2	0.8
1381372968	3496	2	0.8
1381372969	3502.2	2	0.9
1381372970	3501.6	2	0.7
1381372971	3501.7	2.1	0.8
1381372972	3497.8	2	0.8
1381372973	3501.8	1.9	0.8
1381372974	3501.5	1.9	0.8
1381372975	13457.9	3.4	2.9
1381372976	3508.8	2	0.7
1381372977	3509.6	2.1	0.8
1381372978	3504.7	2	0.7
1381372979	3509.7	1.9	0.7
1381372980	3521	2	0.8
1381372981	3514	1.9	0.7
1381372982	3512.6	2	0.7
1381372983	3508.7	1.9	0.8
1381372984	3506.8	2	0.8
1381372985	3501.9	2	1
1381372986	3504.3	2	0.8
1381372987	3509.2	2	0.8
1381372988	3516	2	0.8
1381372989	3508	2	0.8
1381372990	3510.8	2	0.7
1381372991	3508	2	0.8
1381372992	3509.1	2	0.7
1381372993	3511.2	2	0.8
1381372994	3507.8	2	0.7
1381372995	3508.5	2	0.7
1381372996	3498.5	2.1	0.8
1381372997	3514.6	2	0.8
1381372998	3501.9	2	0.8
1381372999	3501.9	2	0.8
1381373000	3521	1.9	0.7
1381373001	3523.4	2	0.7
1381373002	3511.6	2	0.9
1381373003	3511.4	2	0.8
1381373004	3513.8	2.1	0.8
1381373005	3505	2	0.8
1381373006	3496	1.9	0.8
1381373007	3505.8	2	0.8
1381373008	3506.2	2	0.8
1381373009	3505.6	2	0.8
1381373010	3500.7	2	0.9
1381373011	3508.3	2.1	0.9
1381373012	3503.4	2	0.8
1381373013	3512	1.9	0.8
1381373014	3516.1	2.1	0.9
1381373015	3498.7	2	0.8
1381373016	3503.9	2	0.8
1381373017	3495.4	1.9	0.8
1381373018	3501.4	2	0.7
1381373019	3499.4	2	0.8
1381373020	3508	1.9	0.8
1381373021	3512.1	2	0.8
1381373022	3392.9	1.9	0.7
1381373023	3287.8	1.9	0.7
1381373024	3284.7	1.8	0.5
1381373025	3297	1.9	0.6
1381373026	3274.6	1.9	0.7
1381373027	3283.1	1.9	0.6
1381373028	3283.2	1.8	0.6
1381373029	3278.4	2	0.6
1381373030	3277.9	1.9	0.4
1381373031	3278.6	1.9	0.7
1381373032	3278.3	1.9	0.6
1381373033	3277.1	1.8	0.5
1381373034	3279.4	1.9	0.7
1381373035	3277.1	1.8	0.6
1381373036	3274.1	1.7	0.6
1381373037	3270.8	1.9	0.7
1381373038	3277.7	1.8	0.5
1381373039	3271.8	1.9	0.6
1381373040	3275.2	2	0.6
1381373041	3278.4	1.9	0.6
1381373042	3279.3	1.8	0.6
1381373043	3279.3	1.8	0.6
1381373044	3269.5	1.9	0.5
1381373045	3271	1.9	0.7
1381373046	3267.5	1.9	0.6
1381373047	3270.9	1.8	0.6
1381373048	3269.1	1.9	0.6
1381373049	3268.5	1.9	0.6
1381373050	3279.6	1.9	0.6
1381373051	3273	1.9	0.7
1381373052	3271.8	1.9	0.7
1381373053	3271.7	1.9	0.6
1381373054	3274.9	1.8	0.7
1381373055	3271.2	1.7	0.5
1381373056	3273.9	1.8	0.6
1381373057	3275.8	1.9	0.7
1381373058	3266.6	1.8	0.7
1381373059	3270.2	1.9	0.7
1381373060	3273.8	1.9	0.6
1381373061	3269.8	1.8	0.6
1381373062	3267.1	1.9	0.5
1381373063	3278	1.8	0.5
1381373064	3275.7	2	0.6
1381373065	3269.4	1.9	0.6
1381373066	3264.8	1.9	0.6
1381373067	3265.4	2	0.6
1381373068	3269.2	1.9	0.6
1381373069	3271.5	1.9	0.6
1381373070	3268.2	1.9	0.6
1381373071	3265.3	1.7	0.6
1381373072	3272.6	1.8	0.6
1381373073	3267.7	1.9	0.5
1381373074	3269.5	1.9	0.7
1381373075	3266.7	1.9	0.7
1381373076	3269.9	1.9	0.5
1381373077	3271	1.8	0.7
1381373078	3264.5	1.9	0.6
1381373079	3272.2	1.9	0.6
1381373080	3272.5	1.8	0.7
1381373081	3273.8	1.9	0.5
1381373082	3268	1.9	0.6
1381373083	3267.6	1.9	0.7
1381373084	3277.5	1.9	0.7
1381373085	3288.4	1.9	0.5
1381373086	3275	1.9	0.5
1381373087	3273.3	1.9	0.6
1381373088	3271.3	1.8	0.6
1381373089	3269.6	1.9	0.5
1381373090	3270.2	1.9	0.5
1381373091	3264.7	1.8	0.6
1381373092	3270.4	1.9	0.5
1381373093	3267.7	1.9	0.6
1381373094	3272.4	1.9	0.6
1381373095	3269.8	1.9	0.7
1381373096	3266.1	1.8	0.5
1381373097	3265.5	1.9	0.6
1381373098	3267.4	1.9	0.6
1381373099	3273.2	1.9	0.5
1381373100	3271.8	1.9	0.7
1381373101	3273.1	1.9	0.6
1381373102	3267.2	1.8	0.6
1381373103	3274.2	1.8	0.6
1381373104	11904.2	2.8	2.7
1381373105	4617.5	1.1	0.1
1381373106	3292.2	1.8	0.6
1381373107	3290.9	2	0.5
1381373108	3267.6	1.7	0.7
1381373109	3271	1.9	0.5
1381373110	3269.4	1.9	0.6
1381373111	3267.8	1.9	0.5
1381373112	3272.8	1.8	0.6
1381373113	3271.1	1.8	0.7
1381373114	3273	1.9	0.6
1381373115	3266	1.9	0.6
1381373116	3270.5	1.8	0.6
1381373117	3272.9	1.9	0.7
1381373118	3272.5	2	0.6
1381373119	3268.7	2	0.6
1381373120	3267.7	1.9	0.4
1381373121	3266.8	1.9	0.6
1381373122	3265.2	1.8	0.6
1381373123	3283.2	1.9	0.6
1381373124	3272.2	1.9	0.5
1381373125	3271.6	1.9	0.7
1381373126	3280.9	1.8	0.5
1381373127	3274.4	1.9	0.6
1381373128	3265.3	1.9	0.6
1381373129	3269	1.8	0.5
1381373130	3269	2	0.5
1381373131	3271.7	1.9	0.7
1381373132	3266.2	1.8	0.5
1381373133	3264.1	1.8	0.6
1381373134	3269.3	1.8	0.5
1381373135	3263.5	1.9	0.5
1381373136	3265.9	1.8	0.6
1381373137	3261.7	1.8	0.6
1381373138	3265	1.9	0.6
1381373139	3263.9	1.9	0.6
1381373140	3268	1.9	0.6
1381373141	3269.1	1.8	0.5
1381373142	3267.8	1.8	0.7
1381373143	3267.2	1.8	0.6
1381373144	3268.5	1.9	0.6
1381373145	3268.4	1.9	0.6
1381373146	3264.1	1.9	0.6
1381373147	3285.7	1.8	0.5
1381373148	3274.4	1.8	0.6
1381373149	3272.2	1.9	0.6
1381373150	3267.1	1.9	0.7
1381373151	3266.7	2	0.7
1381373152	3275.1	1.9	0.5
1381373153	3264.2	1.8	0.5
1381373154	3269.2	1.8	0.5
1381373155	3265.8	1.8	0.6
1381373156	3265.5	1.8	0.7
1381373157	3264.4	1.9	0.6
1381373158	3262.3	1.8	0.6
1381373159	3262.9	1.9	0.7
1381373160	3260.1	1.8	0.6
1381373161	3264.8	1.8	0.5
1381373162	3260.7	1.8	0.6
1381373163	3265.7	1.9	0.5
1381373164	3260.4	1.9	0.6
1381373165	3266.9	1.8	0.6
1381373166	3262.2	1.9	0.5
1381373167	3266	1.9	0.6
1381373168	3275.3	1.8	0.5
1381373169	3267.6	1.8	0.7
1381373170	3266.6	1.8	0.5
1381373171	3267.8	1.9	0.7
1381373172	3263.9	1.9	0.6
1381373173	3258.1	1.9	0.6
1381373174	3356.3	1.9	0.7
1381373175	3735.4	2.3	1
1381373176	3733	2.3	1.1
1381373177	3731.4	2.4	1
1381373178	3738.4	2.5	1
1381373179	3733.4	2.4	1
1381373180	3736.6	2.3	1.1
1381373181	3733.8	2.4	1.1
1381373182	3735.7	2.4	1.1
1381373183	3734.3	2.4	1.1
1381373184	3734.8	2.4	1
1381373185	3735.6	2.3	1
1381373186	3738.8	2.4	1.1
1381373187	3742.2	2.4	1.1
1381373188	3738.6	2.4	1.1
1381373189	3751.4	2.3	1
1381373190	3733.9	2.4	1.1
1381373191	3735.6	2.5	1.1
1381373192	3735.9	2.3	1.1
1381373193	3737.5	2.3	1
1381373194	3735	2.4	1.1
1381373195	3739.5	2.4	1.1
1381373196	3733.5	2.4	1
1381373197	3740.9	2.4	0.9
1381373198	3740.5	2.4	1.1
1381373199	3732.3	2.4	1
1381373200	3737.2	2.3	1.1
1381373201	3741.8	2.4	1.1
1381373202	3747.5	2.2	1
1381373203	3763.3	2.4	1.1
1381373204	3773.1	2.3	1.1
1381373205	3768.6	2.2	1.1
1381373206	3754.1	2.4	1.2
1381373207	3748.8	2.3	1
1381373208	3744	2.4	1
1381373209	3757.3	2.4	1.2
1381373210	3765	2.3	0.9
1381373211	3742.8	2.4	1
1381373212	3739.4	2.3	1.1
1381373213	3749.2	2.3	1.2
1381373214	3758.1	2.3	1
1381373215	3757.9	2.3	1
1381373216	3757.4	2.4	1
1381373217	3754.8	2.2	1.1
1381373218	3750.2	2.5	1
1381373219	3747	2.4	1.1
1381373220	3738.5	2.4	1.1
1381373221	3747.5	2.4	1
1381373222	3742.7	2.4	1.1
1381373223	3746.6	2.3	1.1
1381373224	3742.2	2.3	1.1
1381373225	3746.9	2.3	1
1381373226	3733.8	2.3	1.1
1381373227	3737.9	2.4	1.2
1381373228	3740.2	2.3	1
1381373229	3745.6	2.3	1.2
1381373230	3750	2.4	1.1
1381373231	3745.8	2.4	1.1
1381373232	3740.2	2.3	1
1381373233	3729.6	2.3	1
1381373234	3740	2.4	1.2
1381373235	3734.6	2.5	1
1381373236	3742	2.3	1.2
1381373237	3736.2	2.5	1.1
1381373238	7718.7	0.2	0.5
1381373239	9489.3	0.7	1.1
1381373240	3744	2.4	1
1381373241	3746.7	2.4	1.1
1381373242	3757.2	2.4	1
1381373243	3740.5	2.4	1.2
1381373244	3744.3	2.3	1.2
1381373245	3741.8	2.3	1.1
1381373246	3729.6	2.3	1.1
1381373247	3734.6	2.3	1.1
1381373248	3737.1	2.3	1
1381373249	3737.9	2.4	1.2
1381373250	3743.1	2.5	1.1
1381373251	3744	2.3	1.1
1381373252	3763.4	2.3	1.1
1381373253	3736.3	2.4	1.1
1381373254	3735.1	2.3	1
1381373255	3730.9	2.4	1.1
1381373256	3732.2	2.4	1.1
1381373257	3728.8	2.5	1.1
1381373258	3729.1	2.4	1
1381373259	3730.8	2.3	1.1
1381373260	3734.3	2.3	1.1
1381373261	3735	2.4	1
1381373262	3733.3	2.3	0.7
1381373263	3741.9	2.2	1.1
1381373264	3737.2	2.4	1.1
1381373265	3737.2	2.3	0.8
1381373266	3731.1	2.4	1.3
1381373267	3740	2.2	1.1
1381373268	3736.3	2.3	1
1381373269	3738.7	2.3	1.1
1381373270	3761.1	2.3	1.3
1381373271	3808.4	2.4	1
1381373272	3821.9	2.2	1.1
1381373273	3813.3	2.5	1
1381373274	3798.8	2.4	1.1
1381373275	3800.6	2.2	1.2
1381373276	3761.6	2.2	1.1
1381373277	3734.2	2.4	1.2
1381373278	3735.7	2.4	1.1
1381373279	3737.9	2.3	1
1381373280	3734.3	2.4	1.1
1381373281	3734.6	2.3	1.3
1381373282	3740.3	2.4	1.1
1381373283	3737.1	2.2	1.2
1381373284	3738.2	2.3	1
1381373285	3733.5	2.4	1.1
1381373286	3737.5	2.4	1
1381373287	3740.9	2.4	1.1
1381373288	3733	2.2	1.1
1381373289	3742.3	2.3	1.1
1381373290	3748.8	2.5	1.1
1381373291	3747.8	2.4	1
1381373292	3750.2	2.4	1.1
1381373293	3754.6	2.4	1
1381373294	3749	2.5	1
1381373295	3740.7	2.4	1.1
1381373296	3738.9	2.4	1.1
1381373297	3738.6	2.2	1
1381373298	3747.2	2.4	1.2
1381373299	3739.9	2.3	1.2
1381373300	3746.6	2.4	1
1381373301	3734.7	2.4	1
1381373302	3744.9	2.2	1
1381373303	3744.6	2.4	1
1381373304	3747.5	2.3	1.1
1381373305	3745.7	2.3	1
1381373306	3743.7	2.4	1.2
1381373307	3748.8	2.4	1.1
1381373308	3742.2	2.3	1
1381373309	3737.9	2.4	1.3
1381373310	3734.8	2.6	1.1
1381373311	3740.3	2.3	1.2
1381373312	3736	2.3	1.3
1381373313	3745	2.2	1.2
1381373314	3744.2	2.2	0.9
1381373315	3743.5	2.4	1
1381373316	3736.9	2.4	1.1
1381373317	3740.7	2.5	1.1
1381373318	3738.2	2.3	1.2
1381373319	3736.7	2.3	1.1
1381373320	3742.3	2.4	1.1
1381373321	3742.7	2.3	1.1
1381373322	3748.9	2.3	1.2
1381373323	3739.1	2.3	1.1
1381373324	3744	2.5	1.2
1381373325	3747.7	2.2	1
1381373326	3742.4	2.4	0.9
1381373327	3736.1	2.1	1.1
1381373328	3735.7	2.4	1
1381373329	3737.3	2.3	1.1
1381373330	3735.3	2.4	1.1
1381373331	3736.8	2.4	1
1381373332	3735.4	2.5	1.1
1381373333	3740.7	2.4	1.2
1381373334	3734	2.4	1.2
1381373335	3757	2.3	1.1
1381373336	3744	2.4	1.1
1381373337	3738	2.4	1.2
1381373338	3734.9	2.3	1
1381373339	3735.9	2.4	1.2
1381373340	3734.1	2.3	1.3
1381373341	3735.6	2.5	1
1381373342	3734.2	2.4	1.1
1381373343	3735.3	2.4	1
1381373344	3733.8	2.4	1.1
1381373345	3733.3	2.3	1.1
1381373346	3735.7	2.3	1.1
1381373347	3736.1	2.4	1.1
1381373348	3731	2.3	1.1
1381373349	3735.8	2.3	1.1
1381373350	3738.4	2.3	1.2
1381373351	3737.6	2.4	0.9
1381373352	3735.2	2.4	1
1381373353	3734.4	2.3	1.1
1381373354	3731.2	2.3	1.1
1381373355	3736.5	2.3	1.3
1381373356	3750.3	2.3	1
1381373357	3737.5	2.4	1.2
1381373358	3733.7	2.4	1
1381373359	3733.2	2.5	0.9
1381373360	3734.5	2.3	1
1381373361	3729.7	2.4	1
1381373362	3733.3	2.4	1
1381373363	3725.4	2.4	1.1
1381373364	3731.7	2.1	1.1
1381373365	3732.4	2.3	1.2
1381373366	3737.1	2.3	1.1
1381373367	3733.2	2.4	1.1
1381373368	3732.7	2.4	1
1381373369	3735	2.3	1.1
1381373370	3734.8	2.4	1
1381373371	3738.4	2.4	1.1
1381373372	3736.2	2.3	1.1
1381373373	13470.8	2.8	2.6
1381373374	3739.7	2.4	1
1381373375	3735.6	2.4	1.1
1381373376	3737.2	2.4	1
1381373377	3745.7	2.4	1
1381373378	3735.1	2.4	1.1
1381373379	3737.5	2.3	1.1
1381373380	3730.5	2.4	1.2
1381373381	3727.6	2.4	1.1
1381373382	3733.5	2.4	1
1381373383	3731.5	2.4	1.1
1381373384	3730.8	2.4	1.2
1381373385	3737	2.4	1.1
1381373386	3731.9	2.4	1.1
1381373387	3737.7	2.4	1.1
1381373388	3736.8	2.4	1.1
1381373389	3737.4	2.3	1
1381373390	3735.4	2.3	1.1
1381373391	3741.4	2.4	1.1
1381373392	3739.6	2.4	1
1381373393	3738.2	2.4	1.1
1381373394	3735.8	2.5	1.1
1381373395	3735.8	2.3	1
1381373396	3734.1	2.4	1.1
1381373397	3728	2.4	1.1
1381373398	3746.9	2.3	1
1381373399	3733.4	2.3	1
1381373400	3728.8	2.3	1.1
1381373401	3731.2	2.4	1
1381373402	3733.6	2.3	1.2
1381373403	3733.9	2.4	1.1
1381373404	3731	2.4	1
1381373405	3729.4	2.3	1.2
1381373406	3727.6	2.4	1.1
1381373407	3725.6	2.4	1.1
1381373408	3721.1	2.4	1.1
1381373409	3720.5	2.3	1.1
1381373410	3727.1	2.4	1
1381373411	3727.3	2.3	1.1
1381373412	3726.1	2.4	1.1
1381373413	3724.1	2.5	1.1
1381373414	3732.6	2.4	1.1
1381373415	3725.3	2.3	0.9
1381373416	3723	2.3	1.1
1381373417	3721.8	2.3	1.1
1381373418	3729	2.2	1.1
1381373419	3738.8	2.3	1.1
1381373420	3718.2	2.4	1
1381373421	3723.2	2.4	1.2
1381373422	3727.3	2.4	1.1
1381373423	3728.8	2.4	1.1
1381373424	3726.7	2.4	1.1
1381373425	3729.4	2.4	1
1381373426	3727.5	2.4	1.2
1381373427	3730.5	2.3	1
1381373428	3728.4	2.4	1
1381373429	3727.3	2.4	1.1
1381373430	3731.7	2.4	1.1
1381373431	3728.5	2.4	1
1381373432	3730.7	2.4	1.1
1381373433	3725.6	2.4	1.1
1381373434	3724.2	2.3	1.1
1381373435	3723.2	2.5	1.1
1381373436	3725.4	2.4	1
1381373437	3727.2	2.4	1
1381373438	3726.9	2.4	1.1
1381373439	3730.5	2.4	1
1381373440	3740.5	2.3	1.1
1381373441	3732.2	2.3	1.1
1381373442	3719.1	2.2	1.2
1381373443	3722	2.4	1.1
1381373444	3720.6	2.4	1
1381373445	3714.7	2.4	1.1
1381373446	3721.4	2.3	1
1381373447	3733	2.2	1.1
1381373448	3720.6	2.4	1.1
1381373449	3722.3	2.3	1.1
1381373450	3711.9	2.4	1.1
1381373451	3714	2.4	1
1381373452	3707.1	2.3	1.1
1381373453	3711.8	2.3	1
1381373454	3703.7	2.3	1.1
1381373455	3702.7	2.4	1
1381373456	3709.3	2.4	1
1381373457	3706	2.5	1.1
1381373458	3700.2	2.4	1.1
1381373459	3709.5	2.4	1.2
1381373460	3710.2	2.4	1.1
1381373461	3719.8	2.3	1
1381373462	3711.3	2.4	1.1
1381373463	3709	2.4	1
1381373464	3709.8	2.3	1
1381373465	3708	2.4	1
1381373466	3705.1	2.4	1.1
1381373467	3697.1	2.4	1.1
1381373468	3708.1	2.3	1.1
1381373469	3699.1	2.4	1.1
1381373470	3696	2.4	1.1
1381373471	3703	2.4	1.1
1381373472	3702.3	2.3	1
1381373473	3700.8	2.3	1.3
1381373474	3284.6	2.1	0.6
1381373475	3233.8	1.8	0.7
1381373476	3234.1	1.8	0.6
1381373477	3235.9	1.8	0.6
1381373478	3232.8	1.8	0.6
1381373479	3229	1.9	0.5
1381373480	3235.5	1.9	0.6
1381373481	3240.3	1.9	0.6
1381373482	3242.2	1.9	0.6
1381373483	3234.7	1.8	0.6
1381373484	3243.9	1.9	0.6
1381373485	3261.1	1.8	0.6
1381373486	3267.6	1.9	0.7
1381373487	3265	1.9	0.6
1381373489	3272	2	0.7
1381373490	3272.1	1.9	0.6
1381373491	3270.3	1.9	0.6
1381373492	3270.9	2	0.7
1381373493	7929.5	0.6	1.1
1381373494	8493.8	0.9	1.4
1381373495	3267.5	1.9	0.5
1381373496	3263.2	1.9	0.5
1381373497	3257.5	1.9	0.6
1381373498	3264.1	1.9	0.6
1381373499	3273.5	1.8	0.7
1381373500	3267.7	1.8	0.6
1381373501	3268.5	1.8	0.6
1381373502	3270.9	1.8	0.5
1381373503	3279.5	1.8	0.7
1381373504	3266	1.9	0.5
1381373505	3264	2	0.6
1381373506	3265.7	1.9	0.6
1381373507	3266.4	1.9	0.6
1381373508	3270.9	1.9	0.6
1381373509	3267.1	1.9	0.5
1381373510	3266.6	1.9	0.6
1381373511	3268.9	1.9	0.7
1381373512	3265.7	1.9	0.7
1381373513	3265.9	1.8	0.6
1381373514	3272.3	1.8	0.8
1381373515	3285.7	1.8	0.6
1381373516	3294.4	1.9	0.6
1381373517	3290.6	1.8	0.5
1381373518	3284.5	1.8	0.7
1381373519	3283	1.9	0.6
1381373520	3284.5	1.8	0.7
1381373521	3282.4	1.7	0.7
1381373522	3290.8	1.8	0.5
1381373523	3302	1.8	0.5
1381373524	3298.2	1.8	0.5
1381373525	3287.2	1.8	0.6
1381373526	3283.2	1.8	0.6
1381373527	3285.5	1.8	0.5
1381373528	3292.6	1.8	0.6
1381373529	3293.3	1.9	0.7
1381373530	3283.3	1.8	0.5
1381373531	3286.3	1.8	0.5
1381373532	3285.3	1.8	0.6
1381373533	3279.2	1.8	0.5
1381373534	3288.6	1.9	0.6
1381373535	4177.6	0.6	0.4
1381373536	4177.9	0.4	0.6
1381373537	4121.5	0.5	0.5
1381373538	4121.9	0.5	0.5
1381373539	4122.4	0.5	0.5
1381373540	4114.4	0.4	0.4
1381373541	4113.7	0.5	0.4
1381373542	4115.3	0.5	0.5
1381373543	4117.6	0.6	0.5
1381373544	4125	0.6	0.3
1381373545	4116	0.5	0.5
1381373546	4113.1	0.4	0.5
1381373547	4112.4	0.6	0.6
1381373548	4109.8	0.5	0.5
1381373549	4108.7	0.5	0.5
1381373550	4110.8	0.6	0.4
1381373551	4103.6	0.5	0.4
1381373552	4103.5	0.6	0.5
1381373553	4095.9	0.5	0.4
1381373554	4098.4	0.6	0.3
1381373555	4086	0.5	0.4
1381373556	4076.2	0.5	0.4
1381373557	4053.2	0.6	0.4
1381373558	4044.1	0.7	0.5
1381373559	4034.9	0.7	0.3
1381373560	4029.6	0.8	0.3
1381373561	4033.4	0.7	0.4
1381373562	4014.9	0.8	0.4
1381373563	4011.6	0.7	0.4
1381373564	4013.7	0.7	0.3
1381373565	3922.4	0.8	0.2
1381373566	3291.3	1.9	0.6
1381373567	3287.4	1.8	0.5
1381373568	3284.6	1.9	0.5
1381373569	3285.9	1.8	0.6
1381373570	3287.6	1.9	0.7
1381373571	3283.5	1.9	0.6
1381373572	3283.2	1.8	0.5
1381373573	3286	1.9	0.5
1381373574	3288.4	1.8	0.6
1381373575	3284.2	1.8	0.6
1381373576	3287.2	1.8	0.6
1381373577	3284.7	1.9	0.6
1381373578	3289.3	1.8	0.6
1381373579	3297.6	2	0.6
1381373580	3297.1	1.8	0.6
1381373581	3286.5	1.9	0.6
1381373582	3288.6	1.8	0.5
1381373583	3285.8	1.7	0.6
1381373584	3287.5	1.8	0.6
1381373585	3282.8	1.9	0.5
1381373586	3292.8	1.8	0.6
1381373587	3285.8	1.7	0.6
1381373588	3285.2	1.8	0.6
1381373589	3284.8	1.8	0.5
1381373590	3288.7	1.8	0.5
1381373591	3292.3	1.9	0.7
1381373592	3288.7	1.7	0.6
1381373593	3283.5	1.8	0.6
1381373594	3290.4	1.8	0.6
1381373595	3290.4	1.9	0.6
1381373596	3291.8	1.9	0.6
1381373597	3290.9	1.9	0.5
1381373598	3284	1.8	0.6
1381373599	3276.9	1.9	0.6
1381373600	3280.8	1.9	0.5
1381373601	3278.7	1.7	0.7
1381373602	3281.7	1.9	0.6
1381373603	3282.9	1.8	0.5
1381373604	3281.2	1.9	0.6
1381373605	3280.4	1.8	0.6
1381373606	3281.4	1.8	0.6
1381373607	3308	1.8	0.6
1381373608	3301.8	1.9	0.5
1381373609	3301.7	1.8	0.6
1381373610	3290.6	1.8	0.5
1381373611	3288.9	1.9	0.6
1381373612	3286.6	1.8	0.5
1381373613	3280.8	1.9	0.6
1381373614	3290.1	1.8	0.6
1381373615	3296.3	1.8	0.7
1381373616	3404.1	1.9	0.7
1381373617	3535.4	1.9	0.7
1381373618	3529.9	1.9	0.7
1381373619	3542.4	2	0.8
1381373620	3543.9	2	0.8
1381373621	3537.8	2	0.8
1381373622	3537.6	2	0.8
1381373623	3534	1.9	0.7
1381373624	3543.8	1.9	0.8
1381373625	3505.6	2	0.8
1381373626	3497.9	2	0.8
1381373627	3496.2	2	0.8
1381373628	3532.7	1.9	0.8
1381373629	3520.4	2	0.9
1381373630	3500.1	1.8	0.7
1381373631	3475.3	2	0.8
1381373632	3412.2	1.9	0.5
1381373633	3400.8	1.8	0.7
1381373634	3412.3	1.9	0.6
1381373635	4295	1.4	0.4
1381373636	12876.7	3.2	2.8
1381373637	3386.8	1.8	0.7
1381373638	3388.5	1.8	0.8
1381373639	3393.8	1.9	0.6
1381373640	3399.6	1.9	0.7
1381373641	3392.2	1.9	0.6
1381373642	3393	1.9	0.7
1381373643	3389.8	1.9	0.6
1381373644	3390.7	1.9	0.5
1381373645	3391.4	1.8	0.6
1381373646	3385.6	2	0.7
1381373647	3386.6	1.9	0.7
1381373648	3391.7	1.9	0.8
1381373649	3400.6	1.8	0.6
1381373650	3387.4	1.8	0.7
1381373651	3396.8	1.9	0.6
1381373652	3376.8	1.7	0.6
1381373653	3378.3	1.8	0.6
1381373654	3377.5	2	0.6
1381373655	3375.2	1.8	0.6
1381373656	3377.2	1.9	0.6
1381373657	3379	1.9	0.6
1381373658	3375.7	1.8	0.7
1381373659	3382.6	1.8	0.6
1381373660	3389.2	2	0.7
1381373661	3383.6	1.9	0.7
1381373662	3391.1	1.9	0.6
1381373663	3387.5	1.8	0.6
1381373664	3390.9	1.9	0.7
1381373665	3375.2	1.9	0.6
1381373666	3375.7	1.9	0.6
1381373667	3376	1.9	0.7
1381373668	3376.5	1.8	0.6
1381373669	3383.6	2	0.7
1381373670	3390.6	1.9	0.6
1381373671	3387.8	1.8	0.6
1381373672	3390.5	1.8	0.6
1381373673	3387.2	1.8	0.6
1381373674	3356.3	1.9	0.6
1381373675	3357.9	1.8	0.6
1381373676	3347.4	1.8	0.5
1381373677	3350.7	1.8	0.6
1381373678	3352.8	1.8	0.6
1381373679	3351.4	1.9	0.6
1381373680	3351.8	1.9	0.5
1381373681	3370.1	1.7	0.7
1381373682	3371.9	1.8	0.7
1381373683	3374	1.8	0.7
1381373684	3378	1.8	0.5
1381373685	3363	1.9	0.6
1381373686	3358.8	1.8	0.6
1381373687	3356.2	1.8	0.5
1381373688	3350.8	1.8	0.6
1381373689	3351.2	1.9	0.7
1381373690	3361.7	1.7	0.5
1381373691	3364.2	1.8	0.5
1381373692	3356.8	1.7	0.6
1381373693	3368.8	1.8	0.6
1381373694	3368	1.7	0.6
1381373695	3373.2	1.9	0.6
1381373696	3373.6	1.8	0.6
1381373697	3379.1	1.8	0.5
1381373698	3384.1	1.8	0.6
1381373699	3382.9	1.8	0.7
1381373700	3386.7	1.9	0.7
1381373701	3382.7	1.8	0.6
1381373702	3384.7	1.8	0.7
1381373703	3379.6	1.9	0.5
1381373704	3382.9	1.8	0.6
1381373705	3391.4	1.8	0.6
1381373706	3388.8	1.8	0.7
1381373707	3401.1	1.9	0.7
1381373708	3397.8	1.8	0.6
1381373709	3378.4	1.9	0.6
1381373710	3375.9	1.8	0.5
1381373711	3389.2	1.8	0.6
1381373712	3389.1	1.9	0.6
1381373713	3379.5	1.9	0.5
1381373714	3388.7	1.9	0.7
1381373715	3384.4	1.9	0.7
1381373716	3395.1	1.8	0.6
1381373717	3388.1	1.8	0.7
1381373718	3384.4	1.8	0.6
1381373719	3386	1.8	0.5
1381373720	3386.7	1.9	0.6
1381373721	3384.5	1.9	0.5
1381373722	3382.8	1.9	0.6
1381373723	3381	1.8	0.7
1381373724	3374.3	1.8	0.6
1381373725	3377.1	1.9	0.6
1381373726	3377.3	1.8	0.7
1381373727	3379.8	1.8	0.7
1381373728	3386.8	1.9	0.7
1381373729	3379.9	2	0.6
1381373730	3380.6	2	0.5
1381373731	3373.9	1.8	0.6
1381373732	3385.2	1.9	0.5
1381373733	3395.4	1.8	0.6
1381373734	3380.5	1.8	0.6
1381373735	3379.6	1.7	0.6
1381373736	3378.6	1.8	0.7
1381373737	3377	1.9	0.6
1381373738	3386.8	1.8	0.5
1381373739	3382.9	1.8	0.7
1381373740	3386.7	1.9	0.6
1381373741	3375.2	1.9	0.5
1381373742	3374.4	1.9	0.6
1381373743	3371	1.9	0.6
1381373744	3373.4	1.8	0.6
1381373745	3385.1	1.9	0.6
1381373746	3377.6	1.9	0.6
1381373747	3369.2	1.8	0.6
1381373748	3372.9	1.9	0.6
1381373749	3375.2	1.9	0.7
1381373750	3382.9	1.8	0.7
1381373751	3377.5	1.8	0.7
1381373752	3376.5	1.9	0.6
1381373753	3390.6	1.8	0.6
1381373754	3378.5	1.9	0.5
1381373755	3369.4	1.9	0.6
1381373756	3368.7	1.8	0.6
1381373757	3376.1	1.8	0.6
1381373758	3372	1.9	0.6
1381373759	3371.3	1.8	0.6
1381373760	3365.7	1.9	0.7
1381373761	3369.2	1.9	0.6
1381373762	3371	1.9	0.6
1381373763	3374.2	1.8	0.6
1381373764	3378.1	1.8	0.6
1381373765	3376.5	2	0.7
1381373766	3366.6	1.8	0.6
1381373767	3365.5	1.9	0.7
1381373768	7250.7	0.3	0.8
1381373769	9559.2	1.4	1.7
1381373770	3374.8	1.9	0.7
1381373771	3376.9	1.9	0.6
1381373772	3368.1	1.8	0.7
1381373773	3369.6	1.7	0.6
1381373774	3376.8	1.9	0.6
1381373775	3377.1	1.9	0.6
1381373776	3371.4	1.9	0.6
1381373777	3372.1	1.9	0.7
1381373778	3377.4	1.9	0.7
1381373779	3371.9	1.8	0.6
1381373780	3373.2	1.8	0.6
1381373781	3374.7	1.8	0.6
1381373782	3367.5	1.9	0.5
1381373783	3370.6	1.9	0.7
1381373784	3371.7	1.9	0.6
1381373785	3379.1	1.8	0.7
1381373786	3376.2	1.8	0.6
1381373787	3374.3	1.9	0.7
1381373788	3367.4	1.8	0.6
1381373789	3377	1.8	0.7
1381373790	3377.3	1.8	0.6
1381373791	3378.2	1.9	0.6
1381373792	3381.3	1.8	0.6
1381373793	3383.2	1.9	0.7
1381373794	3381.2	1.8	0.6
1381373795	3386.9	1.9	0.5
1381373796	3377.5	2	0.5
1381373797	3371	1.8	0.6
1381373798	3373.6	1.8	0.7
1381373799	3375.4	1.8	0.6
1381373800	3373.9	2	0.7
1381373801	3373.7	1.9	0.6
1381373802	3377.5	1.9	0.7
1381373803	4345.8	0.1	0.9
1381373804	3539.8	1.6	0.4
1381373805	3520.6	1.6	0.5
1381373806	3521.8	1.6	0.4
1381373807	3518.4	1.7	0.4
1381373808	3512.7	1.7	0.5
1381373809	3513.6	1.7	0.3
1381373810	3513.3	1.7	0.4
1381373811	3512.1	1.6	0.3
1381373812	3516.1	1.6	0.4
1381373813	3506.9	1.6	0.5
1381373814	3507	1.6	0.5
1381373815	3502	1.6	0.4
1381373816	3513.5	1.6	0.4
1381373817	3499.6	1.6	0.4
1381373818	3499.3	1.7	0.4
1381373819	3495.4	1.7	0.5
1381373820	3500.3	1.6	0.5
1381373821	3494.6	1.8	0.4
1381373822	3500.1	1.7	0.4
1381373823	3496	1.7	0.4
1381373824	3500.8	1.7	0.4
1381373825	3499.9	1.7	0.5
1381373826	3501.5	1.7	0.5
1381373827	3496.2	1.7	0.4
1381373828	3502.2	1.6	0.5
1381373829	3496.7	1.6	0.4
1381373830	3499.1	1.6	0.3
1381373831	3497.9	1.7	0.5
1381373832	3496.4	1.6	0.4
1381373833	3498.4	1.7	0.5
1381373834	3500.8	1.7	0.5
1381373835	3503.3	1.8	0.4
1381373836	3501.5	1.6	0.3
1381373837	3516.8	1.7	0.5
1381373838	3493.9	1.6	0.4
1381373839	3496.6	1.7	0.5
1381373840	3493.1	1.7	0.3
1381373841	3494.9	1.8	0.5
1381373842	3496.1	1.7	0.4
1381373843	3509.1	1.7	0.3
1381373844	3499	1.6	0.4
1381373845	3495.5	1.7	0.3
1381373846	3497	1.7	0.5
1381373847	3489.5	1.6	0.4
1381373848	3488.1	1.7	0.5
1381373849	3490.4	1.8	0.4
1381373850	3487.7	1.6	0.4
1381373851	3486.5	1.7	0.5
1381373852	3486.8	1.7	0.4
1381373853	3489.8	1.7	0.5
1381373854	3491.6	1.7	0.5
1381373855	3488	1.6	0.4
1381373856	3481.3	1.7	0.4
1381373857	3476.7	1.7	0.5
1381373858	3491.2	1.7	0.4
1381373859	3480	1.7	0.4
1381373860	3479.5	1.9	0.4
1381373861	3476.8	1.6	0.4
1381373862	3481	1.6	0.4
1381373863	3480.2	1.7	0.5
1381373864	3484.4	1.7	0.4
1381373865	3485.3	1.6	0.6
1381373866	3479	1.6	0.4
1381373867	3481.6	1.7	0.4
1381373868	3477.7	1.8	0.4
1381373869	3481.4	1.7	0.5
1381373870	3476.5	1.7	0.4
1381373871	3476	1.7	0.5
1381373872	3474.7	1.6	0.5
1381373873	3473.3	1.7	0.5
1381373874	3473.2	1.6	0.4
1381373875	3476.6	1.7	0.6
1381373876	3470	1.7	0.5
1381373877	3468.4	1.7	0.4
1381373878	3474	1.7	0.5
1381373879	3482.9	1.6	0.6
1381373880	3467.9	1.7	0.5
1381373881	3470.8	1.6	0.5
1381373882	3470.3	1.8	0.5
1381373883	3467.8	1.6	0.6
1381373884	3469.4	1.7	0.5
1381373885	3467.4	1.8	0.5
1381373886	3465.2	1.7	0.5
1381373887	3468.7	1.8	0.5
1381373888	3467.5	1.7	0.4
1381373889	3469.4	1.7	0.4
1381373890	3470.5	1.8	0.5
1381373891	3462.5	1.8	0.3
1381373892	3463.6	1.8	0.5
1381373893	4564.5	1.1	0.2
1381373894	12336.6	3	2.9
1381373895	3464.3	1.7	0.4
1381373896	3469.5	1.7	0.5
1381373897	3465.8	1.8	0.5
1381373898	3467	1.6	0.4
1381373899	3468.3	1.5	0.5
1381373900	3475.4	1.7	0.3
1381373901	3464.3	1.6	0.4
1381373902	3459.5	1.5	0.4
1381373903	3465.1	1.8	0.3
1381373904	3466.5	1.6	0.4
1381373905	3459.1	1.8	0.4
1381373906	3466.9	1.7	0.4
1381373907	3461.9	1.7	0.4
1381373908	3467.7	1.8	0.5
1381373909	3466.2	1.7	0.4
1381373910	3464.9	1.7	0.5
1381373911	3459.8	1.7	0.5
1381373912	3465.9	1.8	0.5
1381373913	3467.1	1.8	0.5
1381373914	3466	1.6	0.6
1381373915	3460.7	1.7	0.3
1381373916	3462.1	1.7	0.4
1381373917	3455.2	1.6	0.4
1381373918	3459.7	1.7	0.6
1381373919	3463.3	1.7	0.4
1381373920	3464.9	1.6	0.7
1381373921	3471.7	1.7	0.4
1381373922	3464.7	1.7	0.5
1381373923	3465.9	1.7	0.6
1381373924	3469.3	1.7	0.4
1381373925	3466.5	1.6	0.7
1381373926	3468.5	1.7	0.3
1381373927	3465.5	1.7	0.5
1381373928	3466.9	1.7	0.4
1381373929	3469.6	1.6	0.4
1381373930	3467.2	1.6	0.6
1381373931	3461.5	1.6	0.5
1381373932	3465.9	1.6	0.5
1381373933	3470.4	1.7	0.4
1381373934	3468.2	1.7	0.6
1381373935	3468	1.7	0.4
1381373936	3495	1.8	0.5
1381373937	3533.2	1.8	0.6
1381373938	3538.5	1.8	0.6
1381373939	3532.3	1.8	0.5
1381373940	3532.4	1.7	0.5
1381373941	3542	1.9	0.5
1381373942	3514.4	1.6	0.5
1381373943	3483.1	1.8	0.4
1381373944	3485.7	1.7	0.4
1381373945	3491.2	1.8	0.5
1381373946	3487	1.7	0.5
1381373947	3479.4	1.7	0.5
1381373948	3487.7	1.7	0.6
1381373949	3485.5	1.8	0.4
1381373950	3489	1.7	0.5
1381373951	3485.4	1.6	0.5
1381373952	3487.1	1.8	0.4
1381373953	3492.4	1.8	0.5
1381373954	3487.8	1.7	0.5
1381373955	3485.3	1.7	0.5
1381373956	3487.1	1.7	0.5
1381373957	3482.4	1.7	0.5
1381373958	3484.9	1.8	0.5
1381373959	3486.8	1.7	0.5
1381373960	3484	1.7	0.5
1381373961	3481.5	1.7	0.4
1381373962	3486.9	1.7	0.5
1381373963	3492.5	1.7	0.5
1381373964	3488.7	1.7	0.4
1381373965	3484.9	1.7	0.5
1381373966	3487.3	1.7	0.3
1381373967	3486.1	1.8	0.4
1381373968	3481.5	1.7	0.5
1381373969	3493.3	1.8	0.5
1381373970	3489.9	1.7	0.5
1381373971	3486.7	1.9	0.5
1381373972	3484.7	1.7	0.5
1381373973	3489.6	1.6	0.6
1381373974	3495.8	1.7	0.4
1381373975	3489.4	1.7	0.5
1381373976	3487.9	1.6	0.6
1381373977	3488.6	1.8	0.4
1381373978	3482	1.7	0.5
1381373979	3483.4	1.6	0.4
1381373980	3483.9	1.8	0.4
1381373981	3490.2	1.7	0.4
1381373982	4212.6	1.3	0.2
1381373983	4463.9	1.1	0.1
1381373984	4458.9	1.1	0.1
1381373985	4456.5	1.1	0
1381373986	4461.6	1.1	0.1
1381373987	4456	1.1	0
1381373988	4453.9	1.1	0.1
1381373989	4457.2	1.2	0.1
1381373990	4452.3	1.1	0.1
1381373991	4449.2	1.2	0
1381373992	4449.5	1.2	0
1381373993	4453.3	1.1	0
1381373994	4452.1	1.2	0.1
1381373995	4454.3	1.1	0.1
1381373996	4461.3	1.1	0
1381373997	4455.2	1	0.1
1381373998	4463.3	1.1	0
1381373999	4460.6	1.1	0.1
1381374000	4457.9	1.1	0.1
1381374001	4462.6	1.2	0
1381374002	4462.5	1	0.1
1381374003	4462.6	1.1	0.1
1381374004	4474.6	1.2	0.1
1381374005	4461.5	1	0.1
1381374006	4460.9	1.1	0.1
1381374007	4454.1	1	0.1
1381374008	4453.1	1.1	0.2
1381374009	4453	1.1	0.1
1381374010	4452.2	1	0.1
1381374011	4449	1.1	0.1
1381374012	4450.8	1.2	0.1
1381374013	4450.3	1.1	0.2
1381374014	4456.2	1	0.1
1381374015	4456.2	1.1	0.2
1381374016	4457.1	1	0
1381374017	4459.2	1.2	0.1
1381374018	4465.9	1	0.1
1381374019	4461.6	1.3	0
1381374020	4467.5	1.1	0.1
1381374021	4467.2	0.9	0.1
1381374022	4474.7	1	0
1381374023	4467.6	0.9	0
1381374024	4470.1	1	0.1
1381374025	4477.1	1.3	0.1
1381374026	4468.6	1	0
1381374027	4471.3	0.9	0.2
1381374028	4466.7	1.2	0
1381374029	14334.6	4.1	3.3
